id,Genre
640,Rhythm & Blues
11990,hardstyle
5990,Dark Trap
16887,Emotional
12783,trance
8586,Emotional
12968,Dark Trap
3485,Drums & Bass
6084,trance
15403,psytrance
843,Electro
7138,Rhythm & Blues
10076,Electro
20980,Hipstter-Hop
14053,Dark Trap
6741,Hipstter-Hop
18177,trance
15986,Hipstter-Hop
19878,Hipstter-Hop
16359,Dark Trap
8237,Drums & Bass
13609,Dark Trap
16532,Emotional
16626,Emotional
20851,Dark Trap
10018,trap
20955,Dark Trap
6932,psytrance
16367,Emotional
17204,Rap
17142,techno
2638,Rap
17040,Rap
1474,Drums & Bass
19339,hardstyle
4391,Drums & Bass
7808,Hiphop
14511,Dark Trap
10596,Rhythm & Blues
7511,Industrial Trap
3847,Electro
19667,Hipstter-Hop
2127,Hipstter-Hop
9616,trap
12019,techno
812,Dark Trap
19827,Rap
14112,Hipstter-Hop
19910,Dark Trap
9939,Drums & Bass
7932,Rhythm & Blues
13166,Dark Trap
2595,Hipstter-Hop
6137,Hiphop
10504,Dark Trap
9690,Hipstter-Hop
11301,hardstyle
13170,Industrial Trap
19811,psytrance
13423,Hipstter-Hop
10868,psytrance
10228,Rap
10859,Hipstter-Hop
9994,psytrance
11020,Dark Trap
15644,hardstyle
5436,trap
12840,Hipstter-Hop
5500,trance
3707,Dark Trap
11368,Hipstter-Hop
10342,Dark Trap
15289,Hipstter-Hop
18079,Industrial Trap
1510,Drums & Bass
7168,psytrance
18516,hardstyle
5721,Electro
14049,Dark Trap
1328,psytrance
18018,Dark Trap
4982,Dark Trap
20664,Electro
19237,hardstyle
6547,hardstyle
2315,techno
15060,Industrial Trap
14854,trap
16182,techno
19696,Drums & Bass
17357,Hipstter-Hop
13309,trap
13544,Rap
2168,psytrance
3576,techno
10325,Emotional
3703,Hiphop
44,Hipstter-Hop
13338,techno
13806,trance
20379,trap
14805,Hipstter-Hop
18858,trance
5671,psytrance
19890,Hipstter-Hop
1393,Dark Trap
18407,Rap
18757,Hipstter-Hop
6770,techno
8188,Dark Trap
4844,Rap
8365,Rap
19160,Industrial Trap
3784,psytrance
20249,psytrance
10459,Electro
10883,Hiphop
9295,hardstyle
16700,trap
4630,Hiphop
4007,Hiphop
14848,Dark Trap
7936,Industrial Trap
4343,Drums & Bass
14654,Hipstter-Hop
20019,Dark Trap
14613,Hipstter-Hop
6186,Hipstter-Hop
16004,Hiphop
3634,Rhythm & Blues
16424,Rhythm & Blues
447,Hiphop
18001,Rhythm & Blues
11495,trap
8087,hardstyle
8442,Industrial Trap
16234,Rap
12591,techno
1572,Drums & Bass
15126,Dark Trap
2527,Hipstter-Hop
15543,Drums & Bass
4472,Rhythm & Blues
3689,techno
7732,Hipstter-Hop
5300,Electro
16631,Hipstter-Hop
16067,Electro
12134,psytrance
5916,Dark Trap
4291,Dark Trap
3207,hardstyle
4743,hardstyle
2150,Electro
16245,Emotional
14377,Hipstter-Hop
8066,hardstyle
14143,Drums & Bass
8293,Rhythm & Blues
856,Hipstter-Hop
2533,trap
563,Dark Trap
12752,trance
2958,Hipstter-Hop
21111,Hipstter-Hop
16584,Electro
385,trap
2946,trap
7495,Industrial Trap
2247,Rhythm & Blues
18780,Dark Trap
15242,Hipstter-Hop
2687,Electro
2458,trap
15752,Electro
15146,trance
13486,techno
20834,trance
17388,Hipstter-Hop
9162,Industrial Trap
5165,Drums & Bass
20002,Electro
3728,trance
3588,Emotional
16503,trap
10399,psytrance
15738,Dark Trap
5653,Hipstter-Hop
16210,Hipstter-Hop
474,techno
20806,Hipstter-Hop
9149,Hiphop
13203,techno
14012,Hipstter-Hop
17443,Hipstter-Hop
5412,Industrial Trap
5379,psytrance
9985,Hiphop
2641,Dark Trap
18795,Hipstter-Hop
3142,trap
2826,hardstyle
6544,hardstyle
6136,Hipstter-Hop
1765,trap
6497,Industrial Trap
12726,psytrance
15376,trance
17309,Industrial Trap
20609,Industrial Trap
20523,Hiphop
11804,Electro
20895,Drums & Bass
14951,techno
10639,Hiphop
18134,hardstyle
1056,Electro
7468,Rhythm & Blues
12307,Drums & Bass
10819,trance
18833,Rap
5853,trance
16076,Industrial Trap
2501,Hiphop
20324,Electro
10979,Hiphop
9785,Hipstter-Hop
17907,Hipstter-Hop
6958,trap
7695,Rhythm & Blues
16047,techno
1243,Emotional
19260,psytrance
14593,Industrial Trap
4505,Hiphop
9366,techno
20987,Hipstter-Hop
10914,Dark Trap
1729,Hiphop
2043,Rhythm & Blues
20710,Dark Trap
5735,Hipstter-Hop
3437,Rap
9419,Industrial Trap
7094,trap
2583,Electro
14402,techno
18526,Drums & Bass
11887,Industrial Trap
2405,Industrial Trap
3077,trap
9043,Industrial Trap
5547,trap
17128,trap
15413,trance
8973,trap
10700,Rap
17349,trance
11677,Hipstter-Hop
4972,Industrial Trap
3002,Hiphop
3421,Hiphop
18067,techno
19252,psytrance
3233,Dark Trap
11144,Dark Trap
17614,Rhythm & Blues
15355,Hipstter-Hop
13934,Emotional
13085,Dark Trap
12286,Electro
14557,hardstyle
9363,Dark Trap
1747,trance
3964,Hiphop
19319,Dark Trap
408,Electro
6586,techno
7504,trap
6506,trap
21030,Electro
4401,hardstyle
14675,Hipstter-Hop
10697,Electro
9172,Hipstter-Hop
18266,Dark Trap
11048,Rhythm & Blues
9375,Industrial Trap
12680,Dark Trap
6056,psytrance
19920,Hipstter-Hop
20898,psytrance
12387,Hipstter-Hop
6292,trap
735,techno
19016,trap
20804,techno
15447,Hiphop
7375,Electro
2420,techno
1290,trance
14319,Rhythm & Blues
2171,trap
11406,Industrial Trap
6715,Rap
18637,Rap
12439,Hiphop
14429,Dark Trap
14705,psytrance
13725,Rap
2199,Emotional
15766,Hipstter-Hop
3508,Hipstter-Hop
5117,techno
9093,trance
11074,trap
19766,Hipstter-Hop
133,Rhythm & Blues
9530,trance
10476,Hipstter-Hop
19942,hardstyle
5505,Drums & Bass
3571,techno
13468,Hipstter-Hop
8845,hardstyle
20550,Dark Trap
17998,Hiphop
7998,hardstyle
15211,Dark Trap
16286,hardstyle
21040,trap
12367,trance
1504,Dark Trap
11333,Electro
11625,Hipstter-Hop
8094,Hipstter-Hop
17267,Drums & Bass
7796,psytrance
20180,Industrial Trap
12505,Dark Trap
18200,Electro
10436,Electro
1182,trance
13506,Industrial Trap
1077,Hipstter-Hop
8986,Electro
4084,Electro
10280,trance
14255,Hipstter-Hop
20853,Hipstter-Hop
5809,Drums & Bass
5702,Dark Trap
16705,Drums & Bass
1911,Dark Trap
482,trap
6810,psytrance
12534,Hipstter-Hop
8658,Hiphop
1489,Electro
15165,Electro
11833,Industrial Trap
14762,Electro
4296,Rhythm & Blues
19658,hardstyle
5862,Electro
3844,psytrance
20691,hardstyle
16944,Electro
12649,Hipstter-Hop
12643,Hipstter-Hop
9382,techno
12217,trap
7341,hardstyle
8813,trance
5376,trap
5910,psytrance
14753,Emotional
16780,Hipstter-Hop
10495,Rap
5459,trance
16466,Electro
3950,Hipstter-Hop
12964,Hipstter-Hop
8835,Hiphop
4605,techno
9236,trap
9672,hardstyle
2386,Hiphop
4981,trap
4189,trance
1114,trance
3882,Rap
16078,Emotional
3498,Industrial Trap
3208,Dark Trap
3248,Rhythm & Blues
803,trap
12082,Drums & Bass
11193,Drums & Bass
17362,Electro
18921,Industrial Trap
2937,psytrance
4149,psytrance
10760,Drums & Bass
10137,Pop
13473,trance
12111,Dark Trap
2041,Rap
18760,trance
9453,Drums & Bass
971,techno
4794,Electro
4285,Hipstter-Hop
17795,Rhythm & Blues
13582,Dark Trap
19515,trance
4731,Hipstter-Hop
5743,hardstyle
11585,Hiphop
718,Rhythm & Blues
1870,psytrance
8969,Hiphop
17315,trap
18212,hardstyle
9786,Electro
6049,Electro
15808,Dark Trap
17989,hardstyle
13810,Drums & Bass
5286,techno
7369,hardstyle
2559,trap
4921,trap
16716,Electro
11481,Electro
9039,Electro
15501,Rap
2235,Dark Trap
2467,Hiphop
4441,Drums & Bass
4634,Industrial Trap
9123,Dark Trap
16587,Electro
19584,Rap
19151,Industrial Trap
5116,Drums & Bass
5732,Dark Trap
606,Emotional
3820,Hipstter-Hop
12603,techno
18406,Dark Trap
16802,Rap
4772,Dark Trap
10033,Hipstter-Hop
3776,hardstyle
3794,Hiphop
14869,Hipstter-Hop
9345,Drums & Bass
4417,Electro
6624,Electro
4909,Hiphop
16313,Drums & Bass
17409,trance
7510,Hipstter-Hop
18954,Drums & Bass
6689,Hipstter-Hop
7575,techno
10709,Rap
7434,Rap
4475,Rhythm & Blues
744,Dark Trap
2812,trance
11466,Dark Trap
14660,Electro
5763,Industrial Trap
1092,Hiphop
1201,Dark Trap
16738,trance
3050,Hiphop
6550,Rhythm & Blues
20641,Hipstter-Hop
15716,Hiphop
7000,Dark Trap
5332,Hipstter-Hop
7488,hardstyle
18885,Drums & Bass
17006,hardstyle
7748,Emotional
14958,Electro
4073,Hipstter-Hop
17714,Electro
5685,techno
9592,Drums & Bass
4044,Industrial Trap
18161,techno
3405,Hipstter-Hop
4520,Drums & Bass
344,psytrance
7020,Hipstter-Hop
1698,Dark Trap
7810,hardstyle
4671,Hipstter-Hop
7700,Emotional
3699,Dark Trap
15872,Drums & Bass
16381,Rap
12116,Hipstter-Hop
20521,Industrial Trap
19293,Drums & Bass
13480,Electro
21009,Hiphop
20312,Emotional
14679,trap
3901,Hipstter-Hop
19093,psytrance
15570,trap
12827,Drums & Bass
16301,Drums & Bass
15947,Hiphop
14724,psytrance
17851,trance
6879,hardstyle
10906,psytrance
12086,trance
16460,psytrance
14273,Dark Trap
19320,Hiphop
12579,techno
9325,Dark Trap
2425,Drums & Bass
13548,Electro
15544,psytrance
14860,Rhythm & Blues
17971,trap
17894,Electro
18687,psytrance
2571,Industrial Trap
10444,trap
21098,psytrance
11519,psytrance
14861,Industrial Trap
15194,Hipstter-Hop
7159,Hipstter-Hop
13458,Hiphop
6077,hardstyle
17050,trance
4307,Hipstter-Hop
323,Hiphop
7913,Dark Trap
2879,Dark Trap
12858,trance
10901,Drums & Bass
3505,Dark Trap
8704,Drums & Bass
6891,trap
9478,psytrance
10205,Hipstter-Hop
19286,Hipstter-Hop
7014,Electro
17497,hardstyle
2876,Rap
14358,psytrance
13342,Drums & Bass
1534,psytrance
16854,Drums & Bass
12434,Dark Trap
19203,Drums & Bass
1503,Hipstter-Hop
7591,Dark Trap
10091,Hipstter-Hop
2140,Electro
8715,techno
7172,trance
19265,Rhythm & Blues
13563,techno
13553,Hipstter-Hop
4037,trance
8398,Electro
16185,hardstyle
1215,Electro
11217,trap
2766,Hipstter-Hop
9871,Electro
7834,techno
11325,Industrial Trap
12407,Rhythm & Blues
15733,Electro
9003,Dark Trap
15877,Dark Trap
1427,psytrance
1710,Pop
6467,Dark Trap
6210,Rap
16966,techno
18383,Electro
1338,psytrance
16756,Industrial Trap
19832,Industrial Trap
17854,Hipstter-Hop
7163,Dark Trap
16796,Hiphop
4930,Drums & Bass
6143,psytrance
16105,Electro
16985,Hipstter-Hop
17149,Electro
1097,Industrial Trap
19333,hardstyle
4547,Hipstter-Hop
936,Dark Trap
11247,Drums & Bass
12214,Hipstter-Hop
12291,Drums & Bass
16970,trap
18917,Rap
2026,Dark Trap
13037,Drums & Bass
2334,Industrial Trap
14816,Hipstter-Hop
13398,Emotional
19746,Hipstter-Hop
3111,Drums & Bass
5561,Emotional
5438,Industrial Trap
14603,Rap
16845,Dark Trap
15348,Dark Trap
16107,Rhythm & Blues
16065,Hipstter-Hop
13656,psytrance
10098,techno
1535,techno
341,trance
16677,techno
8043,Rap
5943,psytrance
4344,Hipstter-Hop
10995,psytrance
346,trance
14435,Emotional
20025,hardstyle
5597,psytrance
34,Drums & Bass
9515,trance
2498,trance
13536,Pop
18708,Hiphop
10087,Drums & Bass
19677,trance
14726,techno
10140,psytrance
1493,trap
1443,Emotional
3350,trap
9209,Hipstter-Hop
10210,Electro
3156,Emotional
16134,Dark Trap
18328,Electro
8344,Dark Trap
6913,Dark Trap
13290,Hiphop
649,Hipstter-Hop
438,trance
16640,Hiphop
12862,hardstyle
18715,Hipstter-Hop
3532,Hipstter-Hop
10663,Drums & Bass
14945,techno
11335,Hipstter-Hop
2020,hardstyle
4702,techno
2724,trap
12146,Rhythm & Blues
2305,trance
3169,Hiphop
10346,Dark Trap
11417,Dark Trap
3488,Rap
3023,Electro
3354,Hipstter-Hop
13495,Rap
14910,Dark Trap
11262,trance
2115,Drums & Bass
5019,Hipstter-Hop
4336,Electro
14875,psytrance
4874,Dark Trap
19616,Dark Trap
9072,trap
16968,Rhythm & Blues
3965,techno
19002,psytrance
7831,Dark Trap
12780,Hipstter-Hop
9545,trap
9712,Hiphop
3623,techno
13512,Drums & Bass
14514,trap
19582,Rhythm & Blues
11318,Drums & Bass
16201,techno
10063,Hipstter-Hop
4178,Dark Trap
19378,Drums & Bass
19009,Rap
7428,hardstyle
14329,hardstyle
18982,Dark Trap
14789,Emotional
16867,trance
17285,Rap
6815,Drums & Bass
10510,Hipstter-Hop
20101,Emotional
11060,Dark Trap
3043,techno
3045,Emotional
15634,Drums & Bass
18704,Hiphop
20546,trap
17296,trap
21034,Rap
6355,Hiphop
18606,trance
20671,Drums & Bass
5421,Hiphop
11403,Industrial Trap
1635,hardstyle
6466,Industrial Trap
6285,Dark Trap
17020,Hipstter-Hop
7326,Drums & Bass
4973,Hipstter-Hop
17913,hardstyle
9498,Hipstter-Hop
19058,Drums & Bass
15011,psytrance
8956,psytrance
2008,Hipstter-Hop
538,Rhythm & Blues
9655,Pop
2350,Hipstter-Hop
13819,Hipstter-Hop
911,Dark Trap
11794,trance
11378,Industrial Trap
15581,psytrance
16256,techno
20302,Hipstter-Hop
6279,techno
1662,Drums & Bass
11010,Hiphop
11816,trance
16449,hardstyle
3352,Dark Trap
13874,Rap
19538,Hiphop
7786,Rap
3472,Dark Trap
7760,trap
8121,Dark Trap
20519,Hiphop
17878,Pop
3000,Hipstter-Hop
11654,Hipstter-Hop
15491,Rhythm & Blues
10935,Dark Trap
18600,Hiphop
20484,Hipstter-Hop
290,trance
13777,psytrance
19108,trance
15739,Electro
4828,Hiphop
4980,Hiphop
6892,hardstyle
6290,trance
11170,techno
17276,Hipstter-Hop
18031,Dark Trap
8710,Drums & Bass
17743,Rap
8981,psytrance
8432,trance
15468,Electro
7775,trap
16568,Electro
17577,psytrance
17999,Electro
11820,techno
6714,Hiphop
6667,Hiphop
1901,Drums & Bass
8868,Rhythm & Blues
7676,hardstyle
7997,trance
18477,Rhythm & Blues
17230,Electro
20144,trap
12843,trap
14942,trap
484,Hipstter-Hop
17632,psytrance
14662,Hiphop
1288,techno
8951,techno
21072,Hipstter-Hop
13795,hardstyle
2270,Drums & Bass
15793,techno
14764,Emotional
10059,trap
18736,Hiphop
11311,psytrance
2090,Hipstter-Hop
17537,Hipstter-Hop
20634,Drums & Bass
10809,psytrance
7007,Electro
20748,trap
6067,Emotional
1371,Industrial Trap
17789,psytrance
9134,psytrance
423,Rhythm & Blues
5148,Rap
7284,Industrial Trap
16408,trap
6148,trap
12034,psytrance
11686,Emotional
20229,techno
18808,Industrial Trap
19943,Rhythm & Blues
16546,Industrial Trap
5572,Dark Trap
14727,Hipstter-Hop
3941,psytrance
7821,Drums & Bass
8722,psytrance
6969,hardstyle
10989,Industrial Trap
15095,Hipstter-Hop
6245,techno
11430,Drums & Bass
9504,Drums & Bass
16618,trance
9886,Hiphop
2112,Dark Trap
3711,Hipstter-Hop
12824,techno
9717,Electro
17985,Electro
17653,trance
5277,hardstyle
12616,trance
16642,Rhythm & Blues
20869,trance
10461,Hiphop
12382,techno
18811,Industrial Trap
6534,trance
7713,psytrance
4871,Industrial Trap
6421,Industrial Trap
12276,Rhythm & Blues
19684,hardstyle
8349,Electro
6978,Industrial Trap
11806,Dark Trap
19323,hardstyle
6309,trap
17290,Emotional
8898,hardstyle
1891,Rap
14584,psytrance
3507,Electro
16821,techno
2885,Hipstter-Hop
15993,Drums & Bass
15448,Dark Trap
4015,Dark Trap
5186,Electro
13551,Dark Trap
18774,trap
5601,Hiphop
11838,Emotional
3489,hardstyle
12107,trance
3860,Rap
18903,Dark Trap
6162,trap
12259,Drums & Bass
7922,Dark Trap
13213,Drums & Bass
16813,Rhythm & Blues
14294,Industrial Trap
12849,Electro
20660,Dark Trap
11852,Rap
4744,Hipstter-Hop
10557,Hiphop
3843,Emotional
17183,hardstyle
7199,Industrial Trap
1052,Drums & Bass
4410,Electro
17491,Hiphop
11570,trap
20680,Emotional
11320,techno
14420,Hiphop
4884,trap
15762,Electro
6977,Drums & Bass
12077,Hipstter-Hop
17078,Emotional
17238,psytrance
1297,Rap
13520,Dark Trap
13589,trance
6698,trap
4771,trap
21019,Dark Trap
16158,Drums & Bass
9482,Dark Trap
14455,hardstyle
20232,Electro
16830,psytrance
7850,Hipstter-Hop
8753,Drums & Bass
16334,Industrial Trap
12294,trap
2346,Dark Trap
17075,psytrance
17481,Electro
11968,Industrial Trap
13880,Emotional
18468,techno
20456,Emotional
7664,Hipstter-Hop
6270,Hiphop
15792,Hiphop
17655,Drums & Bass
20742,Electro
2250,Hipstter-Hop
16071,Industrial Trap
351,hardstyle
16712,Rap
4424,Hipstter-Hop
18758,Hipstter-Hop
14335,trance
4741,Drums & Bass
776,Hipstter-Hop
16207,techno
4205,Rap
1475,Hiphop
15190,trap
4186,Industrial Trap
18135,hardstyle
13581,Hiphop
8931,hardstyle
18719,Rap
3616,techno
9842,Electro
503,hardstyle
14817,Drums & Bass
7751,psytrance
19409,psytrance
17109,techno
21100,trance
11770,Drums & Bass
14841,Emotional
17245,Dark Trap
13396,Hipstter-Hop
119,trap
19610,psytrance
20027,hardstyle
5553,trap
1457,Dark Trap
19072,Hipstter-Hop
3817,trance
12117,Dark Trap
14268,trance
2255,Industrial Trap
16582,hardstyle
4442,Industrial Trap
10240,Hipstter-Hop
1962,techno
11937,trap
720,Dark Trap
4774,Dark Trap
2393,Rhythm & Blues
16356,Hipstter-Hop
6561,Electro
9566,techno
2546,Hiphop
19297,Rap
17385,hardstyle
7685,Industrial Trap
20868,techno
14517,hardstyle
3503,Hiphop
20166,psytrance
10840,Hipstter-Hop
19872,techno
9560,techno
6647,Rhythm & Blues
12736,Rap
3704,trance
15196,Hipstter-Hop
3721,Drums & Bass
208,Rap
2998,Hipstter-Hop
20370,hardstyle
11807,Dark Trap
9688,trap
2266,Hipstter-Hop
11537,Hiphop
21121,Emotional
516,Industrial Trap
7539,Hiphop
3302,Drums & Bass
19654,Electro
8376,techno
2277,Rhythm & Blues
4024,Rap
18219,Electro
12983,Rhythm & Blues
12412,Hipstter-Hop
12364,Rhythm & Blues
1978,Emotional
10786,trance
4194,trance
4847,trance
5610,Rhythm & Blues
6306,Industrial Trap
12457,Rap
16146,Drums & Bass
194,Electro
7405,Hipstter-Hop
6332,trance
8452,Electro
1512,Dark Trap
9040,Hiphop
14919,Dark Trap
13020,Dark Trap
14142,Hipstter-Hop
14710,Hiphop
9144,Hiphop
19048,Rhythm & Blues
20726,trance
8103,techno
10294,psytrance
1311,Hiphop
21079,Electro
18003,Rap
15421,Hiphop
20041,techno
4059,psytrance
15181,trance
16861,Rap
1087,Drums & Bass
6242,Rhythm & Blues
19742,Dark Trap
9349,Rap
8709,hardstyle
6237,Dark Trap
3246,trap
8241,trap
2848,Electro
4325,Emotional
11432,Hiphop
9809,trap
6832,hardstyle
7704,Dark Trap
19172,Industrial Trap
19179,trap
2950,Hipstter-Hop
18641,Drums & Bass
11578,hardstyle
826,trap
960,psytrance
19463,Dark Trap
17624,Hiphop
14121,trance
18642,Hipstter-Hop
4058,Hipstter-Hop
4104,Drums & Bass
15008,Rap
4504,Pop
20395,psytrance
20718,Electro
7917,Emotional
2647,Hipstter-Hop
2554,techno
20790,hardstyle
17702,Rap
8757,Hipstter-Hop
3015,Hiphop
898,trance
14158,Dark Trap
1981,Industrial Trap
4438,Hiphop
13077,Electro
17427,techno
2351,Hipstter-Hop
20643,Rap
8019,Hiphop
3165,Pop
19802,trap
16020,trap
8958,trance
20774,Hiphop
3947,Dark Trap
17626,hardstyle
16798,trance
8028,Hiphop
10872,Electro
16541,psytrance
7609,Dark Trap
218,Hipstter-Hop
10671,hardstyle
15163,Rhythm & Blues
10311,Dark Trap
13822,Drums & Bass
8470,Dark Trap
11096,Electro
2796,trap
828,Rhythm & Blues
8270,psytrance
5377,trap
5042,Dark Trap
4779,Rhythm & Blues
15264,Dark Trap
6087,Hipstter-Hop
19191,Dark Trap
17366,Drums & Bass
13035,techno
14001,Hiphop
10854,Hiphop
8374,Dark Trap
3396,hardstyle
7217,Rap
4148,Dark Trap
3125,trap
19204,Hipstter-Hop
18128,Drums & Bass
13060,Hipstter-Hop
18515,hardstyle
6149,Industrial Trap
696,Electro
520,trap
8063,Emotional
4836,hardstyle
962,Emotional
3047,Hipstter-Hop
3948,Hipstter-Hop
3263,hardstyle
13942,Drums & Bass
2519,techno
3910,Hiphop
327,Dark Trap
11866,Emotional
20504,Hiphop
19431,Hipstter-Hop
11149,Electro
2725,psytrance
8406,hardstyle
13042,Hiphop
17174,Rap
6006,Industrial Trap
17178,Electro
17410,techno
18105,techno
9233,trance
1272,Hipstter-Hop
3415,Rhythm & Blues
3609,Drums & Bass
4153,Drums & Bass
1456,Rap
20819,Dark Trap
7708,Industrial Trap
7330,Drums & Bass
9800,Emotional
18276,hardstyle
19187,psytrance
8763,Rhythm & Blues
14185,trance
18918,trap
7729,Rhythm & Blues
13630,Drums & Bass
17914,trance
14084,trap
19745,psytrance
11212,trance
4140,Dark Trap
12614,techno
5023,Hiphop
11541,Rap
12437,trance
2751,Electro
17994,Rhythm & Blues
7811,Pop
12548,hardstyle
5139,trap
12460,Dark Trap
20991,hardstyle
17954,Industrial Trap
5928,psytrance
13410,Dark Trap
11782,trap
7185,Industrial Trap
11322,Pop
13690,Electro
20382,trance
6275,techno
10360,trap
313,Dark Trap
17451,Emotional
11253,psytrance
6074,trap
3115,Hiphop
251,Industrial Trap
20593,Dark Trap
3894,Hipstter-Hop
8623,Rap
9880,Hiphop
17573,Emotional
1355,Drums & Bass
14285,techno
11636,techno
2174,techno
21128,trance
17367,techno
6405,Emotional
738,hardstyle
10236,Electro
16037,psytrance
19706,trance
17253,Hipstter-Hop
20130,trance
13442,techno
12557,Electro
9567,trance
15839,Dark Trap
12309,Rhythm & Blues
12590,hardstyle
2915,Electro
7780,Industrial Trap
21064,Rhythm & Blues
16016,hardstyle
4563,Electro
4160,psytrance
20988,Hipstter-Hop
5201,Dark Trap
8291,Hipstter-Hop
7662,trance
6760,Hipstter-Hop
18390,Hiphop
5864,Hipstter-Hop
1580,Drums & Bass
14989,trance
2534,Dark Trap
2862,Electro
3694,Dark Trap
18535,Electro
3470,Electro
13641,Emotional
7333,hardstyle
127,hardstyle
5754,techno
2781,Hiphop
19519,hardstyle
13250,techno
2053,Dark Trap
10475,Industrial Trap
20145,psytrance
18116,Hipstter-Hop
19727,Industrial Trap
21125,Electro
9978,Electro
17120,Industrial Trap
13751,trap
14722,Industrial Trap
59,trance
2516,psytrance
11719,psytrance
16507,Hiphop
15456,psytrance
18461,trap
5727,Industrial Trap
1006,Rhythm & Blues
8615,psytrance
14374,Hiphop
14137,Industrial Trap
13011,trap
15800,trance
5215,trap
14907,psytrance
3316,Dark Trap
17580,Emotional
15294,techno
12626,Rhythm & Blues
13948,Dark Trap
1450,Hiphop
8726,Hiphop
2202,hardstyle
4345,trap
20728,trance
20704,psytrance
16372,Emotional
7739,techno
17394,Drums & Bass
19977,hardstyle
9222,Hipstter-Hop
6145,Hiphop
12902,Hiphop
3434,Rhythm & Blues
19489,techno
3433,Hiphop
2622,hardstyle
1527,Emotional
14934,Electro
19844,hardstyle
7781,Drums & Bass
18786,Hiphop
16773,Drums & Bass
12517,Electro
5236,trance
16045,Electro
8198,trance
12618,techno
14778,psytrance
12691,techno
18647,trap
13651,Hiphop
2267,Dark Trap
14228,Electro
12973,trance
10101,trance
11778,trap
10718,Hiphop
18005,Rap
2084,psytrance
10684,Dark Trap
20303,psytrance
3978,psytrance
451,techno
9547,Emotional
11269,Hipstter-Hop
15330,trance
12887,Electro
20959,Hipstter-Hop
10327,trance
20989,techno
221,trance
4730,trap
8570,hardstyle
11685,trance
17754,psytrance
17846,Emotional
2694,Rhythm & Blues
12784,Industrial Trap
7203,trap
18682,Dark Trap
9192,Hipstter-Hop
18132,hardstyle
19824,Drums & Bass
13343,Hiphop
7502,Hiphop
1807,Drums & Bass
16684,Electro
8319,trap
459,Hipstter-Hop
1611,Hipstter-Hop
12872,Hiphop
12525,Emotional
1027,psytrance
10791,Hipstter-Hop
10494,Electro
16726,trance
3070,Rap
15853,Hiphop
18628,hardstyle
4902,hardstyle
19589,Rap
19660,Dark Trap
8918,trap
4072,techno
8917,Dark Trap
21096,trap
2408,Electro
17430,trance
15930,psytrance
9653,Industrial Trap
17526,Electro
7592,Drums & Bass
20703,Hipstter-Hop
3912,hardstyle
2943,Industrial Trap
14040,Emotional
15377,Dark Trap
1453,trap
16450,techno
10080,Dark Trap
9868,Industrial Trap
20174,Industrial Trap
10133,techno
15915,trap
4375,trance
8454,trap
7499,Hiphop
5405,Dark Trap
4258,psytrance
180,Hipstter-Hop
19346,Hiphop
4843,Drums & Bass
5107,trap
10052,hardstyle
15383,Rap
980,trance
5388,Hiphop
1346,techno
17555,Hipstter-Hop
16344,Dark Trap
18596,Industrial Trap
11402,techno
13470,trap
8604,Hipstter-Hop
1034,hardstyle
688,psytrance
8496,Rap
14221,Electro
5371,techno
13966,trance
1624,trap
12506,techno
18793,Rap
6069,techno
19095,Electro
9740,trap
7346,Rhythm & Blues
9409,trap
14655,psytrance
5333,Hipstter-Hop
20678,Pop
7650,Pop
19295,trance
8487,Hipstter-Hop
10564,trap
10368,Electro
409,hardstyle
8797,trance
4048,Hiphop
10549,Hipstter-Hop
1713,Electro
18357,Dark Trap
17853,trance
11566,Hiphop
3473,Hipstter-Hop
3486,Industrial Trap
17012,Rhythm & Blues
18143,Rap
13619,Industrial Trap
13477,Dark Trap
13517,hardstyle
16688,trap
8358,Hipstter-Hop
20847,techno
866,hardstyle
6669,psytrance
1805,techno
13130,Dark Trap
993,Drums & Bass
18194,psytrance
7231,Hipstter-Hop
17801,hardstyle
1166,Electro
17423,Industrial Trap
12791,Electro
15227,psytrance
12573,Electro
10163,Rhythm & Blues
8830,trap
11513,Industrial Trap
3375,hardstyle
2300,Rap
7534,Hiphop
17097,psytrance
2119,Industrial Trap
4010,trance
8729,trance
15455,Hiphop
18174,techno
8483,Electro
15056,psytrance
11385,Hiphop
10272,trap
13858,Hipstter-Hop
7442,Pop
326,trance
21043,Electro
5385,Dark Trap
16053,Dark Trap
16870,Pop
13487,Hipstter-Hop
15082,trance
17571,psytrance
12490,Rap
1642,Dark Trap
16591,Rap
8382,Industrial Trap
5527,Hipstter-Hop
9778,psytrance
13426,psytrance
3200,techno
15655,psytrance
10945,Hipstter-Hop
1640,Drums & Bass
6433,Rhythm & Blues
10341,Emotional
16000,Rap
19532,Electro
6730,hardstyle
5163,Hipstter-Hop
322,trap
17122,trap
9705,Rhythm & Blues
19484,psytrance
12939,Hiphop
1788,psytrance
383,trance
2412,Hiphop
4639,Electro
11535,Hiphop
20376,trap
7861,techno
7294,techno
664,Hipstter-Hop
7403,Industrial Trap
5140,Rap
10742,Rap
16144,trance
20770,Hipstter-Hop
20265,Hiphop
7791,Hipstter-Hop
7731,Dark Trap
19637,Electro
7240,Rap
2229,hardstyle
3429,techno
7661,Industrial Trap
14324,Hiphop
2450,techno
11540,Electro
16123,Emotional
6896,psytrance
12256,trance
13328,hardstyle
1084,trance
4591,techno
16104,psytrance
4139,trap
19754,Dark Trap
7457,trance
6161,psytrance
19865,Hipstter-Hop
14129,Hipstter-Hop
8821,Hipstter-Hop
2214,Drums & Bass
2616,trance
1815,psytrance
4991,Electro
15364,Dark Trap
12527,Hiphop
2323,hardstyle
20205,Electro
18399,Hipstter-Hop
8790,Dark Trap
15692,trap
12104,Rap
499,trance
13389,Emotional
16627,Rap
17920,Hipstter-Hop
17718,techno
20116,Hipstter-Hop
2698,techno
13996,trance
15516,Electro
10902,hardstyle
11274,Industrial Trap
14233,Electro
14649,Industrial Trap
9260,techno
16723,hardstyle
20105,trap
7139,Hipstter-Hop
2579,Electro
6527,trance
9630,techno
9054,Dark Trap
13177,Electro
13242,Rap
9477,trance
5714,Hipstter-Hop
2608,Dark Trap
15696,Industrial Trap
16479,techno
17597,Emotional
20187,Dark Trap
13784,Rhythm & Blues
16744,Rap
9634,Hipstter-Hop
10884,hardstyle
7268,techno
2621,psytrance
14126,Electro
11527,Emotional
19367,Pop
1719,Hipstter-Hop
6070,Hiphop
19949,Dark Trap
21056,Dark Trap
10192,Industrial Trap
6541,trap
9811,Electro
200,Hiphop
11379,Pop
20239,techno
11058,trap
9012,Dark Trap
8602,Hipstter-Hop
9801,techno
20300,Rhythm & Blues
31,Hipstter-Hop
14063,Hiphop
19060,Hipstter-Hop
8965,trance
631,Rhythm & Blues
14657,Rap
9561,psytrance
9527,Hipstter-Hop
17300,Dark Trap
11086,Hipstter-Hop
6974,psytrance
7117,Emotional
17336,Dark Trap
20438,Pop
16751,psytrance
19940,Dark Trap
12042,Hiphop
12078,Hipstter-Hop
13371,Hipstter-Hop
2605,Dark Trap
8816,psytrance
5502,trap
9932,trap
5826,psytrance
3230,Industrial Trap
14981,Dark Trap
4097,Emotional
17935,Industrial Trap
8410,Hipstter-Hop
7949,trap
13215,trance
15409,Electro
18754,Hiphop
6648,Hipstter-Hop
247,Drums & Bass
10398,trap
3529,Rhythm & Blues
10432,Hipstter-Hop
12562,Hipstter-Hop
7277,Hipstter-Hop
8649,Rhythm & Blues
655,trap
9214,hardstyle
12856,Hipstter-Hop
2710,Rap
19026,techno
9640,trance
4034,Hipstter-Hop
19958,Rhythm & Blues
16440,Drums & Bass
21088,Hiphop
5354,Rap
6173,psytrance
3798,Hipstter-Hop
13691,psytrance
21015,Rap
8944,Industrial Trap
17156,Electro
2676,Hiphop
2177,Dark Trap
14240,Rap
928,Emotional
5764,Industrial Trap
10768,Rap
5871,Hipstter-Hop
9626,Drums & Bass
2752,Electro
17552,Drums & Bass
11729,Rhythm & Blues
18798,trap
11188,Hipstter-Hop
18244,techno
14091,Dark Trap
4226,trance
5456,Dark Trap
3826,hardstyle
1398,Rhythm & Blues
8909,Drums & Bass
4600,hardstyle
10806,Dark Trap
10804,trance
19401,Rap
6951,hardstyle
1606,trap
5815,techno
1692,hardstyle
13591,Dark Trap
5418,Rhythm & Blues
2238,Hiphop
13826,Hipstter-Hop
18572,hardstyle
4641,Dark Trap
115,Drums & Bass
9239,trance
1554,Dark Trap
10019,psytrance
5407,Hipstter-Hop
17244,Hipstter-Hop
3463,Hipstter-Hop
14614,Hiphop
3323,Rap
9737,trance
19840,psytrance
3702,hardstyle
16468,Hipstter-Hop
10356,Hipstter-Hop
7554,Electro
18838,hardstyle
6407,Industrial Trap
17621,Hipstter-Hop
3458,Hipstter-Hop
12215,Hipstter-Hop
9254,hardstyle
4462,Emotional
12368,psytrance
13195,Rap
4400,Dark Trap
13033,Hiphop
11369,Industrial Trap
19564,psytrance
3733,Emotional
15401,Dark Trap
1827,Rap
4168,Rap
5112,Dark Trap
1337,Electro
15769,Rap
11264,techno
17515,Rhythm & Blues
1604,Hipstter-Hop
2308,Rap
3482,Pop
9153,trance
7588,Hipstter-Hop
8404,psytrance
1433,Rhythm & Blues
19640,Dark Trap
18421,psytrance
4489,Hiphop
7563,Rhythm & Blues
3222,Rap
9563,Rap
4852,Drums & Bass
17455,Drums & Bass
5817,Electro
14131,Industrial Trap
5550,Electro
6198,Hipstter-Hop
2702,techno
7021,trap
9459,hardstyle
8225,Dark Trap
16248,Industrial Trap
12750,techno
10166,Dark Trap
19550,Dark Trap
6373,Hipstter-Hop
11063,Electro
9529,Drums & Bass
20075,trap
10827,Dark Trap
19620,Hipstter-Hop
3035,Dark Trap
15464,Hipstter-Hop
1599,Electro
13745,Electro
5035,Rhythm & Blues
5259,Drums & Bass
11424,Dark Trap
12980,trance
4540,techno
20688,Drums & Bass
17374,Rhythm & Blues
7839,Electro
4101,hardstyle
6920,Dark Trap
1147,Electro
12754,trap
12209,Drums & Bass
10393,psytrance
8829,Dark Trap
2518,Hiphop
19234,hardstyle
8887,Rhythm & Blues
6440,Dark Trap
2714,hardstyle
7555,Hipstter-Hop
9495,trance
7772,hardstyle
1968,trance
12659,Hipstter-Hop
17893,Dark Trap
11489,Emotional
8054,Hipstter-Hop
18465,psytrance
6670,trance
1862,trance
6224,Drums & Bass
16941,Dark Trap
8481,Emotional
7660,Hipstter-Hop
13845,techno
8541,Industrial Trap
20762,Drums & Bass
13361,Hipstter-Hop
12072,Industrial Trap
9535,Electro
3474,Rap
7559,Hipstter-Hop
10129,Drums & Bass
13173,trance
10035,Dark Trap
7719,Drums & Bass
15209,Emotional
8499,Hiphop
6503,Hiphop
1350,trance
8769,Dark Trap
11687,Hiphop
18846,techno
6308,Emotional
17116,Hipstter-Hop
19289,trance
3171,hardstyle
12585,Hiphop
12489,techno
7639,Industrial Trap
19482,trance
7395,Hiphop
7947,psytrance
18665,trap
3617,Hipstter-Hop
8765,Hipstter-Hop
21148,Rhythm & Blues
16292,Dark Trap
3100,Drums & Bass
1063,Rap
17805,hardstyle
265,Drums & Bass
5848,Rhythm & Blues
12261,Hipstter-Hop
4978,Pop
3887,Dark Trap
20427,techno
17134,techno
18050,Hipstter-Hop
16349,Dark Trap
4338,trap
17051,hardstyle
15436,Hiphop
5357,Electro
15134,Drums & Bass
17141,Electro
17077,trap
424,Hiphop
4159,hardstyle
14516,trance
1730,Hipstter-Hop
3821,Hipstter-Hop
16451,Drums & Bass
17768,psytrance
8117,techno
14658,Drums & Bass
3310,Rap
54,Emotional
7356,Hipstter-Hop
3974,Dark Trap
12553,Hipstter-Hop
6824,Hiphop
18827,trap
695,trap
19665,hardstyle
13972,Electro
18138,Rap
3578,Industrial Trap
13405,Industrial Trap
11786,Hiphop
1261,trap
17521,Hipstter-Hop
18632,techno
2189,Industrial Trap
10305,trance
17187,Rhythm & Blues
11678,Dark Trap
1768,Hiphop
2992,Hipstter-Hop
15488,Hiphop
5945,Hipstter-Hop
12353,Hiphop
8355,hardstyle
18257,Rhythm & Blues
13539,techno
16981,Dark Trap
18560,Hipstter-Hop
1530,hardstyle
3018,Hipstter-Hop
5865,Hipstter-Hop
1163,Rhythm & Blues
12022,Hipstter-Hop
10056,psytrance
14061,Dark Trap
14911,Hipstter-Hop
12223,Dark Trap
10359,Electro
139,Electro
14146,Electro
7852,Hipstter-Hop
2153,Rhythm & Blues
7458,trance
3062,psytrance
16249,Hipstter-Hop
2141,Electro
2145,Rhythm & Blues
6091,Hiphop
11629,hardstyle
19717,psytrance
15051,psytrance
4045,Drums & Bass
11228,Hipstter-Hop
8530,techno
18499,techno
17779,techno
4398,psytrance
13484,trap
1712,hardstyle
9358,Hiphop
15357,Drums & Bass
18426,Electro
6956,techno
8784,psytrance
9897,Dark Trap
2003,trance
10961,trap
12321,Rhythm & Blues
6595,hardstyle
4411,Electro
12810,Rap
11746,Rap
20356,Dark Trap
5532,Electro
7305,techno
5230,hardstyle
12094,trance
17498,techno
7451,Hiphop
2152,trance
11762,trap
11400,hardstyle
17242,Dark Trap
6812,psytrance
4977,hardstyle
19110,Rhythm & Blues
13531,trance
15012,Hipstter-Hop
7316,Dark Trap
20202,Rhythm & Blues
19005,Rhythm & Blues
18669,Emotional
12020,Hiphop
10424,Electro
16298,trap
12393,Dark Trap
13189,psytrance
5001,psytrance
1227,Hiphop
20195,Hipstter-Hop
12084,trap
11913,psytrance
14568,Drums & Bass
14085,Hiphop
6352,Dark Trap
14957,Rap
12731,techno
19197,Hipstter-Hop
8233,Electro
20271,techno
9509,hardstyle
6325,Rap
3394,trance
9701,Hipstter-Hop
2878,psytrance
10604,Emotional
4202,Hipstter-Hop
7112,Drums & Bass
13643,hardstyle
20338,psytrance
8178,Drums & Bass
20794,Dark Trap
16012,hardstyle
14351,trap
7125,Drums & Bass
1522,Electro
19050,Emotional
5337,trance
13697,Drums & Bass
10834,trance
17299,Hipstter-Hop
2754,techno
3113,Hiphop
6543,Emotional
16752,techno
1943,Drums & Bass
1202,Electro
18931,Rhythm & Blues
210,Rhythm & Blues
10869,trance
18287,Industrial Trap
11640,trance
19389,psytrance
4707,Hipstter-Hop
19232,Rhythm & Blues
12187,psytrance
4699,Emotional
10769,Industrial Trap
3509,techno
13252,Hiphop
15400,Electro
15267,Hiphop
18221,trap
1061,psytrance
4767,Rhythm & Blues
5250,Hiphop
18702,Hipstter-Hop
11068,Rap
5567,trap
19373,Pop
19542,Emotional
18510,Hiphop
14173,Hipstter-Hop
7801,trap
88,Dark Trap
6187,trap
20621,hardstyle
10579,hardstyle
18183,trap
19988,Drums & Bass
4450,Electro
6473,Rhythm & Blues
7285,trap
13954,Hipstter-Hop
18412,hardstyle
16178,hardstyle
19073,Drums & Bass
5306,Drums & Bass
14488,trap
8158,trap
7047,Electro
1205,psytrance
13781,Industrial Trap
5391,Drums & Bass
2195,Electro
7912,Rhythm & Blues
20999,Hiphop
9398,Hiphop
2361,hardstyle
18395,hardstyle
6023,techno
17485,Industrial Trap
4824,Hipstter-Hop
18524,hardstyle
8395,Dark Trap
20934,Emotional
2864,Dark Trap
18762,Hiphop
12554,Rap
4954,Hiphop
6842,Hipstter-Hop
9771,Industrial Trap
10206,hardstyle
16728,trap
20317,Industrial Trap
4003,psytrance
18604,trap
5940,hardstyle
576,Rap
18821,techno
7191,Drums & Bass
5576,Hipstter-Hop
15818,psytrance
18373,Emotional
8826,hardstyle
8583,trance
15231,Emotional
10936,Hipstter-Hop
6491,Rap
6462,Electro
17270,Drums & Bass
12655,Industrial Trap
18892,Drums & Bass
12559,Hipstter-Hop
3686,Rhythm & Blues
15076,Hipstter-Hop
2388,trance
4043,trap
16860,Hiphop
466,trap
4445,Rhythm & Blues
9468,Hiphop
12523,techno
5483,Hipstter-Hop
12311,Industrial Trap
12121,Dark Trap
12340,Emotional
13801,trap
18203,Dark Trap
1632,Hiphop
20594,Hiphop
14621,Electro
878,trance
2503,techno
8492,Hipstter-Hop
20927,Industrial Trap
8503,techno
12758,Hiphop
3265,Electro
14306,trap
1402,Dark Trap
16213,Industrial Trap
4197,Rhythm & Blues
2617,Electro
2683,techno
8460,Rap
15063,Industrial Trap
13079,trance
2712,trance
19959,trap
11977,psytrance
9651,trap
12925,Hipstter-Hop
20283,Rhythm & Blues
5198,Hipstter-Hop
4755,Dark Trap
8327,techno
10811,techno
5284,Drums & Bass
13143,Emotional
6384,Electro
3971,psytrance
17877,Industrial Trap
15677,Industrial Trap
18455,Hiphop
9391,Dark Trap
20681,trance
18505,Dark Trap
2265,Industrial Trap
9962,psytrance
15857,psytrance
18424,Hipstter-Hop
4484,Dark Trap
11304,hardstyle
11051,techno
20276,Industrial Trap
12836,hardstyle
2930,psytrance
10328,Industrial Trap
14497,Hipstter-Hop
4333,Dark Trap
19552,Hipstter-Hop
10580,Dark Trap
11243,Rhythm & Blues
9119,trap
3585,Rhythm & Blues
15939,trance
11198,hardstyle
2602,Hipstter-Hop
3468,techno
18994,Hipstter-Hop
20275,Electro
1282,Dark Trap
2480,Hipstter-Hop
4110,Hiphop
12870,Electro
14193,Dark Trap
3519,Industrial Trap
4510,Hipstter-Hop
20444,trap
5709,Hipstter-Hop
20346,Hipstter-Hop
13022,psytrance
4293,Hipstter-Hop
4028,techno
15402,trap
13148,techno
6052,Industrial Trap
9698,Emotional
9652,trance
14496,Dark Trap
4420,trap
9270,Hipstter-Hop
19807,psytrance
5748,hardstyle
19679,Hiphop
6225,Hiphop
11607,Hipstter-Hop
19239,Rhythm & Blues
8685,Hipstter-Hop
15500,Rhythm & Blues
15412,Hiphop
12423,Rap
20070,Drums & Bass
16108,trance
15219,trance
4525,psytrance
8195,Drums & Bass
7113,Drums & Bass
6753,hardstyle
12842,trap
17102,Electro
12654,Hipstter-Hop
9252,Dark Trap
12300,Dark Trap
7301,trance
19884,trance
4572,Hipstter-Hop
16187,Drums & Bass
2325,Hiphop
8723,techno
18057,trance
2290,hardstyle
16906,Rap
15693,hardstyle
3328,trap
1258,hardstyle
15055,techno
8873,Rap
19579,Rap
21143,trap
273,Electro
15291,Hipstter-Hop
12507,hardstyle
10158,trance
4404,techno
16147,Hiphop
17310,Rhythm & Blues
7877,techno
18445,Drums & Bass
3455,Emotional
10425,Rap
14850,Hipstter-Hop
11029,Hipstter-Hop
17442,Hipstter-Hop
4388,psytrance
18563,hardstyle
18501,Rhythm & Blues
9392,trap
12911,Industrial Trap
5814,Dark Trap
12428,Rap
20209,hardstyle
6216,Electro
18947,trance
12008,Hipstter-Hop
10282,Rap
12988,hardstyle
19593,trap
18349,techno
16196,Drums & Bass
4448,Drums & Bass
18045,Hipstter-Hop
12239,Industrial Trap
13642,Hipstter-Hop
2893,trap
20497,Industrial Trap
12513,psytrance
10089,Drums & Bass
16120,techno
16483,techno
2237,psytrance
6392,Hipstter-Hop
8843,Hipstter-Hop
14637,Electro
20001,hardstyle
257,Dark Trap
21066,Drums & Bass
14738,Drums & Bass
16801,Drums & Bass
20673,Rap
6366,Rhythm & Blues
21074,Hipstter-Hop
18860,psytrance
10807,Dark Trap
13624,Hipstter-Hop
15609,trap
14177,hardstyle
8180,psytrance
18483,trap
1743,Hiphop
13246,Dark Trap
7615,Dark Trap
5071,Hiphop
5446,Rap
14641,Hipstter-Hop
9492,psytrance
2312,psytrance
12110,Emotional
7449,techno
15292,Hipstter-Hop
18896,Hipstter-Hop
19932,Drums & Bass
18265,Drums & Bass
5954,Dark Trap
19495,Rhythm & Blues
14947,psytrance
14180,Electro
14628,trance
3286,Drums & Bass
3615,Dark Trap
19391,Rhythm & Blues
15805,Hipstter-Hop
13896,Hiphop
1644,Hipstter-Hop
2457,trance
2859,Hipstter-Hop
10509,Electro
103,psytrance
10493,trap
9246,Hipstter-Hop
6490,Rhythm & Blues
15489,Rhythm & Blues
16057,Electro
11491,Hiphop
3492,Rhythm & Blues
20390,Rhythm & Blues
12498,Hipstter-Hop
5642,trap
16529,Drums & Bass
3295,Electro
12074,trap
14999,trap
17437,Hiphop
9665,trance
19688,Hipstter-Hop
17036,techno
6020,hardstyle
10194,Dark Trap
6653,Hipstter-Hop
9060,Drums & Bass
4688,Dark Trap
9022,Rap
4877,trap
19602,Industrial Trap
12359,Industrial Trap
57,techno
6532,Hipstter-Hop
17480,Emotional
15394,Dark Trap
11562,Rhythm & Blues
7486,Hipstter-Hop
13571,hardstyle
13952,Pop
20713,Hipstter-Hop
14915,Rhythm & Blues
14393,trap
15825,trance
13112,Hiphop
2301,Hiphop
13289,Rhythm & Blues
13655,Hiphop
379,trap
3926,Dark Trap
19848,psytrance
6286,Hipstter-Hop
9758,Hipstter-Hop
10624,trance
16972,Hiphop
6243,hardstyle
6959,Hipstter-Hop
927,Emotional
10993,Emotional
10419,trap
6798,Industrial Trap
8145,Rap
12438,Hipstter-Hop
4564,Dark Trap
399,Electro
15691,trance
2851,trance
11191,techno
11405,Dark Trap
18433,Rap
15572,Hipstter-Hop
7599,Electro
17344,Hiphop
15301,Rap
8842,trap
14366,trap
3778,trap
14313,Industrial Trap
15685,hardstyle
13400,Electro
21087,Rhythm & Blues
6914,hardstyle
9457,Industrial Trap
6677,Electro
19332,techno
15911,trap
15757,Hipstter-Hop
17561,techno
467,Dark Trap
8603,Electro
4165,Rap
4783,Hiphop
4191,Rap
10418,Drums & Bass
10125,Hiphop
11983,Hipstter-Hop
6138,Electro
17598,Hiphop
5683,Drums & Bass
6075,Drums & Bass
11768,Electro
19069,Dark Trap
7353,Drums & Bass
15905,Dark Trap
13124,Hiphop
6335,psytrance
18451,trance
15928,Hipstter-Hop
18303,hardstyle
12315,Hiphop
13188,Hipstter-Hop
10479,Hipstter-Hop
6662,Hipstter-Hop
3,trance
2028,psytrance
17381,Dark Trap
19615,Hiphop
2929,Hiphop
4577,Industrial Trap
18401,Emotional
1732,Drums & Bass
15257,Rhythm & Blues
18430,Hipstter-Hop
2392,Hiphop
5031,Emotional
13291,Emotional
18610,Dark Trap
17899,Electro
7918,techno
6181,Rhythm & Blues
20496,Hiphop
10608,Electro
11517,Hipstter-Hop
7110,Rhythm & Blues
5654,Hipstter-Hop
15620,Hipstter-Hop
21127,trap
42,Drums & Bass
3668,techno
16537,Electro
14954,hardstyle
8748,Drums & Bass
795,hardstyle
13420,trance
3993,Drums & Bass
13017,Drums & Bass
13078,hardstyle
17948,Hipstter-Hop
15424,Drums & Bass
17252,techno
15141,techno
15418,Hipstter-Hop
8785,Dark Trap
18251,Dark Trap
19485,Electro
5736,Rhythm & Blues
7048,trap
6919,Hipstter-Hop
11524,Rhythm & Blues
407,Hiphop
17137,Hiphop
46,Industrial Trap
20969,psytrance
15298,Rap
14009,Drums & Bass
9231,trance
15891,Drums & Bass
9684,techno
11858,psytrance
2842,Hipstter-Hop
19406,Rhythm & Blues
6105,Hipstter-Hop
14168,trap
17820,Dark Trap
5290,Rap
13769,Dark Trap
15697,Hipstter-Hop
7753,Drums & Bass
9250,Emotional
17499,Hipstter-Hop
18856,Industrial Trap
2485,Dark Trap
20361,Hipstter-Hop
18158,trap
4738,hardstyle
12730,Hipstter-Hop
15884,Rhythm & Blues
12063,psytrance
2483,Rhythm & Blues
16488,Drums & Bass
5751,trap
9934,Hiphop
19993,Hipstter-Hop
10801,Hiphop
14222,Hipstter-Hop
2319,Rhythm & Blues
15923,Hiphop
11792,techno
584,trance
7625,trance
6231,Dark Trap
7955,Hiphop
10482,trap
9526,trap
708,Electro
819,psytrance
12825,Dark Trap
3682,Dark Trap
1822,Hiphop
10349,psytrance
3315,Rhythm & Blues
11012,trance
4984,Dark Trap
1722,Dark Trap
13583,Drums & Bass
16569,trap
13418,Hiphop
3268,hardstyle
3806,Electro
6399,techno
4618,Dark Trap
13715,hardstyle
20448,Hipstter-Hop
15005,Hipstter-Hop
18166,psytrance
8962,psytrance
644,Electro
8045,Hipstter-Hop
11963,Electro
9059,trap
11499,Industrial Trap
15508,psytrance
4128,Hiphop
20694,techno
13526,Drums & Bass
19534,Hipstter-Hop
7907,Electro
12211,Drums & Bass
8632,Hipstter-Hop
2133,Dark Trap
5995,psytrance
10772,techno
10289,Rap
12101,Dark Trap
14241,Electro
4230,Hipstter-Hop
6271,hardstyle
11408,Dark Trap
10533,Rap
20692,Rhythm & Blues
1430,trance
14077,Industrial Trap
10302,trance
19244,Electro
2505,Industrial Trap
16903,techno
19408,Dark Trap
13164,Industrial Trap
17942,psytrance
5998,trap
8474,Hipstter-Hop
4739,Hiphop
13513,Rap
2326,Hipstter-Hop
8654,trance
4269,trance
18386,Dark Trap
9922,Electro
14419,Hiphop
7317,Industrial Trap
20957,techno
15302,Industrial Trap
457,Drums & Bass
7627,Electro
16695,Rap
14872,hardstyle
12822,Hipstter-Hop
13167,hardstyle
12188,hardstyle
9051,Dark Trap
17952,Dark Trap
5711,Dark Trap
20270,psytrance
4347,Hiphop
20985,trance
2117,hardstyle
20289,Pop
668,Hipstter-Hop
1162,trance
10013,techno
19144,Drums & Bass
11915,Dark Trap
7752,Dark Trap
17527,Electro
1219,
431,
9606,
16827,
20517,
2898,
9901,
9194,
3353,
16709,
19328,
13792,
4199,
20115,
12477,
2935,
15925,
6933,
10690,
17090,
315,
3388,
8203,
9014,
20846,
1419,
5076,
18650,
9380,
3128,
7687,
18397,
17041,
3533,
13162,
13962,
11726,
16962,
6757,
3189,
17644,
293,
21150,
13723,
5933,
3351,
12255,
6455,
20977,
907,
4821,
18417,
9555,
12922,
6946,
1994,
1704,
9931,
3211,
13597,
977,
1873,
18119,
18393,
621,
3282,
15192,
7703,
6925,
1153,
9722,
9791,
2703,
586,
20862,
12288,
10279,
16401,
16765,
6328,
16132,
18528,
7981,
16115,
15204,
10609,
17115,
11955,
5545,
10734,
852,
14000,
14644,
12960,
4156,
18776,
1339,
14247,
15041,
8049,
5716,
5245,
11498,
736,
14136,
18756,
19022,
5557,
450,
19997,
17917,
19269,
17937,
17269,
3931,
18718,
16577,
13888,
4143,
13552,
2767,
1144,
7681,
6518,
6281,
1237,
16603,
3572,
16471,
9815,
10512,
12148,
41,
14972,
8833,
4085,
3210,
19916,
9015,
2578,
11107,
13262,
2034,
1123,
14617,
21046,
19220,
10599,
15104,
15680,
17947,
6613,
8056,
1347,
18541,
2585,
8886,
6649,
12017,
9489,
11744,
6685,
7536,
19793,
90,
7596,
35,
20125,
13864,
20342,
13464,
5314,
5635,
13628,
3570,
705,
2207,
15414,
5363,
19635,
8086,
15350,
3479,
6835,
17767,
17793,
14014,
9276,
11698,
6311,
13358,
7921,
14927,
7930,
6536,
2002,
6707,
10026,
14652,
6612,
4528,
6164,
5195,
6024,
3242,
19201,
8126,
9085,
7530,
15957,
15123,
11275,
14192,
14542,
16576,
16937,
1866,
2221,
13421,
17132,
20021,
16096,
14624,
16720,
651,
13538,
5566,
7668,
5437,
9534,
16487,
20256,
4031,
7858,
9050,
17883,
5106,
11972,
19718,
8862,
17,
5018,
18081,
5787,
7136,
13982,
6871,
5584,
13999,
15112,
6600,
12725,
17604,
10149,
647,
4653,
5929,
13541,
1321,
8665,
4629,
15059,
16130,
1905,
16149,
3425,
14280,
18518,
17165,
10334,
18422,
4678,
16615,
1429,
20601,
11822,
217,
12745,
9084,
20663,
1396,
8260,
19974,
4706,
14483,
6289,
1739,
11206,
8914,
7671,
12785,
16475,
6451,
12416,
19851,
11615,
13967,
19763,
5458,
10855,
4579,
1187,
2797,
17869,
18481,
891,
17433,
3848,
20348,
10312,
1838,
10022,
4596,
21067,
13681,
4290,
19337,
387,
7077,
14479,
20629,
20962,
1035,
19487,
6063,
11631,
18794,
2448,
841,
13222,
20383,
8174,
11776,
14196,
8929,
13925,
8803,
10534,
4356,
9570,
6556,
8336,
18217,
3502,
140,
7167,
7985,
12471,
13908,
8361,
15861,
2065,
11876,
3386,
1444,
10747,
1372,
2753,
278,
13535,
4106,
3669,
12863,
7884,
17303,
513,
7040,
14670,
7889,
20473,
2789,
7789,
2380,
4680,
3226,
8537,
19966,
5129,
20225,
19927,
4496,
11127,
12179,
10191,
4941,
8288,
12985,
14734,
7289,
13113,
8939,
12441,
2403,
16683,
4936,
18147,
8590,
16243,
12838,
8139,
6220,
7528,
6664,
11292,
11418,
14963,
1705,
5045,
9234,
19617,
3106,
7438,
476,
4337,
18617,
3525,
18581,
11961,
14970,
4590,
9584,
18990,
16074,
3643,
9601,
6847,
21103,
3068,
20562,
13023,
970,
14929,
18291,
12627,
7228,
6590,
20315,
3335,
19165,
5662,
10924,
11315,
19278,
12956,
15984,
4932,
4057,
12151,
9982,
21084,
10842,
15837,
733,
16269,
7100,
19032,
7717,
8129,
3334,
3886,
21063,
4974,
15566,
21089,
20429,
17291,
8109,
1065,
16026,
8294,
12406,
17384,
7348,
9946,
16465,
8568,
19471,
19211,
7085,
11272,
13152,
1441,
15466,
6848,
17957,
3633,
12823,
2444,
4949,
17386,
6921,
4966,
17318,
5414,
5227,
15032,
11701,
7782,
13603,
6298,
3638,
10528,
13775,
3710,
12290,
10157,
10946,
17551,
13961,
921,
1086,
6501,
3025,
9091,
11699,
14825,
2699,
19441,
13463,
1362,
19841,
18847,
8644,
12222,
3011,
2232,
14577,
11674,
10120,
16746,
4742,
5554,
13497,
5203,
20436,
17941,
10162,
12699,
16877,
2129,
2414,
2794,
6039,
9147,
14217,
16022,
13064,
8323,
11573,
19042,
2684,
11825,
17295,
5394,
5925,
1383,
14107,
20389,
5849,
19348,
8105,
2748,
16799,
3739,
2635,
9273,
14815,
19510,
169,
20526,
6551,
5466,
15705,
12561,
20120,
5216,
3366,
4509,
17136,
12389,
16421,
553,
3376,
17158,
12574,
5883,
20724,
5345,
7256,
137,
8513,
9710,
12733,
3919,
3277,
6427,
13133,
4894,
9129,
2856,
12408,
8251,
14171,
11743,
19520,
6660,
14847,
11697,
15726,
5570,
9445,
16809,
12262,
4328,
15873,
8932,
1397,
19214,
5312,
20034,
7665,
14575,
2213,
13088,
9507,
3725,
7046,
10711,
10943,
2512,
10784,
13842,
21120,
8141,
7324,
14984,
9812,
5474,
17605,
2495,
12447,
3274,
13307,
19775,
17161,
2701,
2085,
5749,
18590,
17459,
6108,
15621,
13049,
5128,
13755,
15176,
4903,
13094,
6100,
6526,
10180,
7198,
18126,
14446,
5503,
6424,
16030,
17439,
7093,
9683,
10008,
20183,
17354,
16410,
10172,
14581,
8840,
714,
2678,
12883,
3393,
14044,
11343,
15841,
5217,
4170,
12354,
7551,
6,
9086,
19212,
11000,
17061,
4955,
7359,
17900,
5382,
14780,
14717,
10802,
14298,
16341,
9754,
20548,
11635,
19345,
6781,
3769,
16151,
16360,
13372,
5350,
1023,
10384,
16852,
5857,
4351,
10113,
6369,
4935,
20900,
15010,
7361,
17124,
17125,
5449,
18107,
4788,
10155,
20582,
7201,
6717,
14411,
11140,
12747,
9841,
6409,
7290,
18839,
7387,
3143,
10952,
2111,
17375,
19500,
8551,
17473,
16685,
8878,
10215,
15767,
15737,
7988,
14737,
7747,
558,
15248,
7806,
13514,
16069,
10904,
4989,
6687,
2727,
17504,
9610,
3213,
10662,
15983,
4832,
7153,
6756,
4985,
13606,
8915,
6545,
8246,
4265,
14687,
19768,
9723,
15496,
16150,
5800,
8866,
7646,
1470,
3559,
18331,
8825,
18176,
3522,
18765,
19104,
6188,
10456,
17671,
20885,
5970,
2988,
7278,
3481,
7934,
4413,
5304,
8292,
11522,
2252,
16238,
8149,
1869,
9384,
10899,
17993,
13959,
17828,
8200,
18618,
4461,
8639,
18163,
16504,
1199,
15178,
14540,
1277,
11885,
8972,
18557,
15210,
715,
1670,
7654,
4309,
8421,
8396,
361,
12398,
4449,
11584,
9620,
8248,
18964,
19686,
5048,
13441,
10084,
17637,
3024,
10498,
17987,
11201,
9272,
5948,
8506,
1157,
8455,
17631,
20635,
9303,
16387,
18423,
15395,
460,
6015,
8136,
7568,
9362,
7580,
291,
4740,
20907,
14983,
18065,
14862,
1106,
3528,
10687,
20512,
8306,
17287,
16699,
7886,
14664,
9100,
15273,
20534,
6002,
9682,
14095,
16518,
16168,
13696,
8756,
4013,
18591,
900,
2279,
6350,
20107,
3921,
13657,
4983,
259,
10567,
12064,
20510,
1647,
11551,
12308,
2910,
10644,
230,
2981,
11056,
6062,
2932,
15249,
11919,
11958,
17119,
12037,
3922,
4610,
17476,
11175,
2669,
15653,
5518,
5244,
10877,
20457,
7267,
9109,
5293,
18310,
19248,
11512,
274,
8375,
5513,
15863,
16815,
19185,
16407,
9853,
3836,
2626,
5211,
17670,
19326,
4519,
4252,
12705,
19438,
20388,
16619,
5098,
15025,
15077,
13108,
6234,
19530,
5971,
9895,
3187,
9068,
4463,
14058,
2184,
11860,
10574,
17922,
8231,
2066,
17733,
17550,
7537,
11668,
5516,
9720,
11711,
17799,
15277,
19465,
12943,
13015,
19836,
12584,
20292,
16007,
8673,
7696,
20747,
1957,
6119,
17647,
5485,
487,
15053,
16784,
3979,
11924,
4219,
21037,
20619,
10543,
3184,
13321,
15725,
11756,
15555,
9881,
18512,
8629,
2783,
19424,
7538,
4447,
16498,
13796,
18485,
8626,
19514,
4770,
10128,
18813,
1020,
9647,
7121,
20191,
13251,
16620,
19312,
3073,
12419,
14174,
4193,
16814,
10980,
15591,
2740,
14275,
20359,
4279,
16778,
10256,
2736,
3511,
12196,
13118,
134,
19133,
16759,
15531,
15135,
9935,
5999,
15699,
16825,
8815,
17395,
4068,
11355,
17322,
15142,
10925,
15090,
11153,
11158,
15117,
5043,
5548,
1579,
19343,
2968,
19299,
18986,
3256,
15955,
485,
17636,
967,
11047,
6885,
10598,
17398,
10856,
16339,
13987,
1947,
11129,
11285,
2225,
6868,
4192,
20250,
17835,
6803,
2136,
14776,
12727,
3752,
7583,
11346,
18696,
16963,
20522,
9912,
16443,
15473,
6706,
16316,
7648,
6650,
3204,
2549,
11557,
18599,
5081,
8596,
17694,
6301,
15040,
20418,
19936,
20268,
18983,
14046,
10727,
6051,
18345,
11213,
19521,
11342,
2904,
10074,
6918,
18389,
6599,
601,
7721,
4032,
14443,
16540,
20712,
6388,
8304,
2167,
18317,
18336,
18909,
4548,
18629,
18859,
9423,
17505,
10062,
21035,
6417,
5160,
2624,
10363,
12010,
2545,
8271,
5678,
16707,
741,
411,
12550,
20381,
14459,
14041,
14835,
15533,
8698,
2497,
13201,
20824,
6682,
19513,
4696,
14986,
14619,
2760,
2075,
15875,
20501,
9298,
18691,
17232,
13150,
8151,
11846,
3105,
14792,
5627,
3147,
5719,
13588,
6603,
286,
19911,
1323,
15760,
16973,
18169,
19259,
72,
20813,
410,
9025,
2078,
10527,
2012,
16800,
16484,
8575,
14588,
11419,
2522,
5885,
4609,
16084,
6535,
16666,
6235,
16611,
9863,
8622,
15497,
9748,
13580,
18689,
6562,
7335,
4556,
3461,
9976,
13443,
16290,
18623,
14002,
7672,
2298,
3168,
17016,
13740,
8350,
4393,
13709,
11658,
4819,
17545,
6692,
17645,
13101,
1071,
15263,
6003,
4074,
19822,
15843,
2830,
11036,
5115,
2045,
1595,
10645,
18380,
10540,
8147,
205,
7976,
18098,
16890,
16041,
14134,
7870,
18924,
12976,
2677,
3538,
17479,
15780,
14856,
4667,
5194,
1731,
15664,
3635,
5887,
5005,
697,
1005,
13137,
12894,
15131,
11043,
2771,
12073,
4049,
14587,
15815,
16710,
18671,
12247,
12753,
1029,
11251,
9564,
17278,
8970,
3958,
7944,
13413,
10337,
14408,
9480,
5975,
6778,
4672,
5888,
7497,
16236,
6480,
5564,
12425,
2101,
19896,
101,
4691,
9568,
6903,
13225,
2743,
20397,
18210,
4322,
8796,
7755,
16181,
16331,
4842,
7552,
8616,
8476,
2730,
396,
1664,
10411,
19111,
18026,
16452,
4896,
1476,
8941,
13039,
3589,
21119,
20870,
16179,
13144,
635,
817,
14030,
16607,
3341,
19082,
50,
10071,
4166,
5059,
9264,
5050,
707,
1686,
12700,
17946,
5514,
15442,
2777,
9502,
724,
16822,
12624,
836,
17516,
2805,
433,
14370,
8182,
15991,
15574,
17207,
12635,
14844,
1026,
8883,
8827,
15462,
12099,
17331,
20760,
5135,
1158,
128,
9048,
14912,
16926,
10658,
20344,
123,
1247,
820,
8229,
8138,
8352,
14608,
18189,
13476,
10571,
6357,
9469,
13445,
2332,
11906,
16113,
5099,
18318,
20012,
14390,
2948,
9586,
11114,
10281,
14510,
14412,
5701,
13838,
8407,
1358,
896,
963,
7948,
3014,
11446,
1959,
14558,
19257,
18941,
7757,
15573,
8960,
20795,
2541,
4580,
4574,
16679,
12200,
930,
10612,
19503,
4115,
14800,
10746,
8858,
5460,
15961,
5960,
12430,
11903,
16818,
17417,
9387,
16283,
7212,
12026,
8416,
14265,
9150,
14853,
8727,
13573,
11225,
9923,
12293,
11747,
1837,
16772,
5598,
12552,
19537,
49,
14913,
18735,
20993,
14909,
12578,
11257,
10030,
17619,
13322,
9099,
7969,
20775,
11208,
3698,
13492,
3451,
8310,
19728,
1557,
10843,
17057,
6909,
11141,
12566,
9238,
4387,
16624,
8647,
14469,
13002,
11352,
16461,
5852,
7402,
2157,
9000,
19877,
19522,
18334,
12376,
18595,
2814,
1697,
6619,
12350,
9406,
1066,
12927,
2439,
20442,
16855,
11482,
16502,
2782,
7071,
3934,
10590,
2039,
2360,
16592,
20753,
5472,
11610,
16782,
19352,
8299,
6246,
15799,
5170,
16373,
14640,
16135,
13056,
3287,
10911,
7107,
19580,
9483,
20611,
7677,
8696,
13453,
6223,
7638,
16769,
2046,
17401,
14360,
14266,
17659,
10127,
6206,
18761,
4720,
17066,
3059,
11031,
11828,
11025,
18725,
3579,
11662,
7300,
15159,
16604,
9757,
3984,
9451,
15804,
14155,
11660,
7725,
8369,
4069,
13540,
16291,
19074,
18356,
3580,
5833,
15405,
4282,
17403,
1194,
9729,
20560,
12056,
3975,
196,
1119,
20483,
17581,
19622,
11732,
10982,
1588,
17775,
13823,
1804,
6916,
8332,
20580,
17748,
15624,
1776,
16382,
17023,
10777,
8156,
285,
15423,
10597,
15250,
549,
17661,
2909,
8255,
18025,
20017,
3048,
18985,
15604,
3753,
13978,
4046,
17836,
16570,
2452,
12597,
1979,
18937,
2067,
17956,
13504,
10537,
10610,
10036,
12462,
11665,
18926,
8852,
15027,
16857,
18906,
18701,
9426,
14880,
6097,
18746,
16945,
8599,
10560,
8612,
13670,
12443,
11904,
6228,
3755,
10735,
5866,
9559,
20767,
4021,
6258,
5792,
2966,
6345,
7178,
11078,
12051,
1303,
20074,
18075,
8865,
17224,
1373,
8700,
12751,
8165,
1135,
12335,
426,
12137,
20284,
17723,
339,
8088,
17760,
15303,
12025,
3314,
10470,
19987,
6631,
18626,
20258,
3649,
17782,
2973,
5589,
2959,
4371,
18263,
129,
10865,
401,
6253,
13855,
11055,
6484,
19099,
3008,
6402,
11229,
18254,
10600,
13730,
12528,
9780,
19416,
3269,
17114,
5952,
6866,
17169,
20604,
19751,
7515,
5090,
9728,
16006,
608,
12033,
19,
11203,
7439,
7479,
20241,
2487,
17037,
9671,
15806,
6482,
6887,
20341,
19937,
4518,
13789,
4724,
16379,
7826,
14656,
15428,
3800,
11226,
10001,
14714,
11627,
11453,
14290,
1983,
9598,
9317,
6293,
18707,
16125,
20050,
657,
13554,
751,
2081,
17710,
11008,
17874,
14579,
18148,
8688,
10633,
3410,
16062,
4914,
9125,
3652,
17118,
19327,
5593,
2364,
47,
11444,
19570,
9614,
20828,
15831,
18644,
10607,
10522,
1944,
19947,
9042,
8546,
11945,
18627,
11693,
10329,
8309,
6625,
15779,
11884,
9999,
14235,
16680,
1213,
17466,
15318,
21029,
5621,
13461,
8360,
8778,
10204,
2540,
2912,
1038,
19184,
20755,
18530,
20909,
729,
13533,
18933,
12186,
13590,
11159,
16600,
542,
146,
4546,
12302,
8478,
241,
7958,
3595,
8822,
7427,
14164,
15940,
1952,
5478,
1594,
9619,
8069,
5183,
10575,
4119,
2680,
844,
5252,
12510,
7409,
1783,
62,
0,
12923,
15243,
10919,
12715,
7920,
2144,
3665,
7307,
8678,
10108,
5168,
2271,
8687,
10351,
4373,
9854,
6705,
10246,
7327,
12245,
5453,
8628,
6442,
8341,
14384,
13724,
4201,
21048,
3449,
11868,
6390,
18493,
6494,
6252,
13287,
18875,
413,
1175,
9887,
20357,
20349,
16318,
17666,
6128,
10336,
20981,
15765,
18236,
18648,
5802,
18267,
13879,
5770,
9826,
11165,
19551,
12135,
12218,
18366,
8377,
10507,
7608,
8585,
1413,
1130,
20468,
15336,
5174,
16742,
1621,
20450,
5199,
11912,
6954,
12800,
19385,
3298,
7945,
18044,
7582,
16024,
15964,
6202,
11902,
19143,
11192,
14303,
10259,
9396,
9532,
17678,
422,
7363,
10144,
6076,
8337,
19044,
19392,
483,
3846,
10175,
1315,
7911,
14706,
12669,
9742,
1576,
11850,
10650,
5937,
14636,
13542,
17643,
5900,
1989,
7109,
18686,
17746,
14773,
17502,
16274,
121,
2609,
20266,
7793,
18831,
953,
4904,
7365,
8191,
11567,
15608,
1270,
10890,
1691,
19100,
19090,
17656,
11097,
8794,
12934,
2974,
8591,
12509,
5225,
8099,
6385,
1208,
18250,
15816,
8439,
13302,
7120,
1090,
3120,
15595,
11316,
15575,
1533,
15014,
1411,
8331,
19137,
2614,
2636,
18274,
13431,
2664,
10104,
20046,
13090,
14008,
20228,
11982,
15256,
19588,
6628,
13759,
20917,
16840,
16005,
14630,
10505,
1767,
18657,
9674,
5742,
11899,
15145,
10048,
18420,
5151,
18298,
9161,
9936,
16396,
12906,
18951,
1002,
16416,
15817,
6356,
8908,
7298,
6769,
16988,
11263,
11072,
12036,
2146,
6814,
2662,
20913,
19777,
11266,
4339,
3194,
17273,
2953,
12483,
6926,
4245,
2310,
13995,
10743,
20978,
19305,
3795,
5351,
1280,
12978,
4436,
19571,
11800,
14751,
18038,
15437,
17189,
8317,
7414,
4625,
18011,
222,
3545,
9966,
2442,
14836,
16429,
1972,
1570,
2281,
19948,
2021,
5665,
14756,
19555,
19735,
2556,
14035,
7698,
3344,
902,
8574,
181,
17884,
18959,
1853,
20371,
7745,
20466,
14602,
10959,
6098,
1458,
18436,
15889,
6808,
3966,
1926,
6422,
12712,
19291,
3656,
16415,
5980,
13181,
19505,
13366,
12794,
14695,
7015,
11813,
13415,
5549,
19721,
9331,
8034,
12834,
17699,
21053,
3999,
18886,
10646,
7134,
2086,
6508,
9755,
8223,
2589,
5047,
12363,
7682,
4527,
17400,
10443,
4254,
7518,
19545,
15276,
17777,
20171,
14386,
4229,
20777,
884,
1039,
15976,
15416,
18790,
2445,
6504,
10885,
16565,
17202,
6831,
6239,
2095,
3857,
19308,
12432,
3477,
1010,
13038,
15439,
16060,
7302,
15004,
9262,
934,
9926,
11823,
19388,
1343,
6061,
359,
9565,
19449,
959,
20354,
1148,
2954,
2051,
18768,
2054,
10536,
17408,
15295,
15075,
15919,
8030,
6888,
7087,
9541,
17698,
19461,
15658,
18781,
14508,
6126,
18772,
15571,
16222,
3608,
14553,
14458,
7908,
12220,
11604,
18385,
8875,
5022,
7220,
7472,
16560,
8870,
7469,
2394,
19819,
13712,
9163,
11943,
16692,
19318,
14170,
15526,
16110,
8115,
9869,
6695,
3537,
15058,
14938,
2746,
102,
14332,
1661,
8227,
15234,
8694,
19621,
6607,
5996,
15811,
20126,
1694,
12123,
12310,
7827,
268,
518,
8091,
19975,
7983,
16844,
14763,
2358,
16145,
937,
8950,
20779,
8268,
19825,
2134,
4965,
9320,
20716,
16112,
10031,
20655,
3119,
15370,
9008,
1210,
5923,
5921,
1085,
20352,
15354,
13257,
13637,
19636,
12194,
5359,
19475,
5512,
3379,
1318,
1769,
5034,
17021,
8573,
11581,
9132,
3562,
130,
9448,
8029,
4880,
13572,
4918,
18076,
1623,
14767,
1825,
10266,
10448,
6428,
13804,
5525,
14337,
4602,
18729,
9595,
15698,
2216,
2995,
3792,
17380,
5647,
5182,
19448,
10092,
6377,
6725,
3940,
13529,
10782,
4751,
19379,
14809,
17492,
8993,
3223,
5348,
8262,
15650,
449,
2264,
11255,
12795,
17517,
13898,
11811,
18661,
535,
11623,
10216,
1836,
8079,
11840,
9159,
10354,
8164,
1890,
7691,
9403,
21007,
9213,
1688,
12648,
10322,
4614,
16951,
12090,
11717,
2449,
6492,
20507,
4822,
5305,
454,
18855,
19271,
14431,
3852,
182,
17918,
10277,
6244,
11827,
20563,
99,
5477,
7569,
14410,
6315,
2764,
833,
7553,
1707,
254,
13227,
10803,
1302,
7626,
14768,
8849,
5508,
6248,
8913,
3930,
9913,
933,
5207,
11103,
20586,
5282,
15908,
2009,
12895,
7516,
2874,
20803,
1037,
2704,
4848,
8746,
3357,
15564,
8925,
10193,
15694,
14748,
13270,
7019,
10818,
5934,
14198,
18513,
11886,
5000,
9334,
18603,
9625,
8157,
1540,
9430,
2697,
2286,
4999,
20966,
10257,
17500,
20782,
16622,
19672,
8161,
13104,
9790,
16719,
18940,
10184,
5226,
16900,
8508,
9511,
18823,
1333,
6703,
15252,
11219,
9645,
1984,
5927,
2435,
10792,
13820,
5846,
18955,
16730,
16228,
13053,
11160,
18554,
3920,
18275,
14583,
20984,
7517,
18187,
5352,
2813,
19402,
536,
8486,
1139,
14150,
4116,
8637,
8670,
19860,
15238,
8657,
14244,
617,
6934,
1310,
1012,
15241,
19390,
3251,
3547,
16486,
6165,
13677,
16846,
8614,
6267,
9875,
8928,
18962,
2209,
11321,
7888,
1121,
2656,
3478,
8144,
17130,
13953,
15296,
16305,
7883,
11893,
21139,
3526,
18144,
1835,
18697,
16180,
8952,
1042,
13897,
19496,
982,
14415,
5528,
12053,
2596,
21013,
15498,
16737,
4488,
5144,
20263,
377,
357,
14145,
10653,
19085,
17758,
13815,
9818,
13217,
8197,
16790,
19122,
2234,
12273,
18409,
13695,
20212,
6826,
4352,
19587,
9685,
20585,
