id,genre
640,Hipstter-Hop
11990,Hipstter-Hop
5990,trap
16887,hardstyle
12783,Hipstter-Hop
8586,techno
12968,techno
3485,hardstyle
6084,trance
15403,techno
843,Rhythm & Blues
7138,Dark Trap
10076,Drums & Bass
20980,hardstyle
14053,Electro
6741,trap
18177,Drums & Bass
15986,Pop
19878,psytrance
16359,Rap
8237,Electro
13609,Hipstter-Hop
16532,Hipstter-Hop
16626,hardstyle
20851,Hiphop
10018,Hipstter-Hop
20955,Hipstter-Hop
6932,Hipstter-Hop
16367,Hipstter-Hop
17204,Hipstter-Hop
17142,Hipstter-Hop
2638,Rhythm & Blues
17040,techno
1474,Hipstter-Hop
19339,Drums & Bass
4391,Hipstter-Hop
7808,Hipstter-Hop
14511,Hipstter-Hop
10596,hardstyle
7511,Emotional
3847,Hipstter-Hop
19667,Hipstter-Hop
2127,Dark Trap
9616,Hipstter-Hop
12019,Drums & Bass
812,Hipstter-Hop
19827,hardstyle
14112,Hipstter-Hop
19910,trap
9939,Hipstter-Hop
7932,Emotional
13166,Emotional
2595,Electro
6137,Drums & Bass
10504,hardstyle
9690,Hiphop
11301,psytrance
13170,trance
19811,Hipstter-Hop
13423,Drums & Bass
10868,techno
10228,Emotional
10859,hardstyle
9994,Dark Trap
11020,Electro
15644,Hipstter-Hop
5436,techno
12840,Hipstter-Hop
5500,Hipstter-Hop
3707,Hipstter-Hop
11368,Hipstter-Hop
10342,Electro
15289,hardstyle
18079,hardstyle
1510,Drums & Bass
7168,Dark Trap
18516,hardstyle
5721,Electro
14049,Hipstter-Hop
1328,techno
18018,Drums & Bass
4982,techno
20664,Hipstter-Hop
19237,Dark Trap
6547,Rhythm & Blues
2315,Rhythm & Blues
15060,hardstyle
14854,Hipstter-Hop
16182,Electro
19696,Hiphop
17357,Rhythm & Blues
13309,Hipstter-Hop
13544,hardstyle
2168,trap
3576,hardstyle
10325,Dark Trap
3703,trap
44,Hipstter-Hop
13338,psytrance
13806,Hiphop
20379,Electro
14805,Rhythm & Blues
18858,hardstyle
5671,Dark Trap
19890,Drums & Bass
1393,Rhythm & Blues
18407,psytrance
18757,techno
6770,trap
8188,hardstyle
4844,Industrial Trap
8365,Hipstter-Hop
19160,Industrial Trap
3784,psytrance
20249,hardstyle
10459,Electro
10883,Dark Trap
9295,techno
16700,Dark Trap
4630,trap
4007,Hipstter-Hop
14848,Electro
7936,Hipstter-Hop
4343,psytrance
14654,Emotional
20019,hardstyle
14613,Rhythm & Blues
6186,psytrance
16004,trap
3634,Emotional
16424,trap
447,trance
18001,Electro
11495,hardstyle
8087,trap
8442,Hiphop
16234,trance
12591,Drums & Bass
1572,Hipstter-Hop
15126,Dark Trap
2527,Dark Trap
15543,Dark Trap
4472,psytrance
3689,psytrance
7732,trance
5300,Electro
16631,Hiphop
16067,Rhythm & Blues
12134,Electro
5916,Hipstter-Hop
4291,techno
3207,Dark Trap
4743,Dark Trap
2150,Electro
16245,Emotional
14377,Electro
8066,trance
14143,trap
8293,trance
856,Hipstter-Hop
2533,hardstyle
563,Hipstter-Hop
12752,Hipstter-Hop
2958,Hipstter-Hop
21111,hardstyle
16584,techno
385,Hipstter-Hop
2946,Hipstter-Hop
7495,trance
2247,trap
18780,Hipstter-Hop
15242,trap
2687,techno
2458,psytrance
15752,Emotional
15146,hardstyle
13486,trance
20834,Electro
17388,Hipstter-Hop
9162,Drums & Bass
5165,Hipstter-Hop
20002,Industrial Trap
3728,psytrance
3588,trance
16503,Electro
10399,Hiphop
15738,Hipstter-Hop
5653,Dark Trap
16210,trance
474,techno
20806,trap
9149,Hipstter-Hop
13203,Dark Trap
14012,Hipstter-Hop
17443,Hiphop
5412,Dark Trap
5379,Electro
9985,Dark Trap
2641,psytrance
18795,techno
3142,trap
2826,trance
6544,trap
6136,Electro
1765,psytrance
6497,Electro
12726,Emotional
15376,Hipstter-Hop
17309,Rap
20609,Hiphop
20523,Hipstter-Hop
11804,techno
20895,techno
14951,psytrance
10639,trap
18134,Emotional
1056,Hiphop
7468,Dark Trap
12307,Electro
10819,Hiphop
18833,Hipstter-Hop
5853,Electro
16076,trance
2501,Hipstter-Hop
20324,Hipstter-Hop
10979,Hipstter-Hop
9785,Hiphop
17907,Emotional
6958,Hipstter-Hop
7695,trance
16047,psytrance
1243,Hipstter-Hop
19260,Emotional
14593,Dark Trap
4505,trance
9366,Emotional
20987,Hipstter-Hop
10914,Electro
1729,hardstyle
2043,Hipstter-Hop
20710,psytrance
5735,Emotional
3437,Emotional
9419,Hipstter-Hop
7094,psytrance
2583,Hipstter-Hop
14402,Dark Trap
18526,Drums & Bass
11887,Hipstter-Hop
2405,Hipstter-Hop
3077,Drums & Bass
9043,trap
5547,Electro
17128,psytrance
15413,trance
8973,Electro
10700,Hipstter-Hop
17349,Emotional
11677,Hipstter-Hop
4972,Rhythm & Blues
3002,Hipstter-Hop
3421,Electro
18067,trap
19252,Electro
3233,psytrance
11144,Hipstter-Hop
17614,Industrial Trap
15355,Rhythm & Blues
13934,hardstyle
13085,Drums & Bass
12286,Hipstter-Hop
14557,hardstyle
9363,Hiphop
1747,Hipstter-Hop
3964,Rhythm & Blues
19319,Dark Trap
408,hardstyle
6586,Hipstter-Hop
7504,Hipstter-Hop
6506,Dark Trap
21030,Emotional
4401,Emotional
14675,Hipstter-Hop
10697,techno
9172,psytrance
18266,Electro
11048,Electro
9375,Dark Trap
12680,hardstyle
6056,Dark Trap
19920,hardstyle
20898,Hipstter-Hop
12387,Dark Trap
6292,Emotional
735,Emotional
19016,Electro
20804,Electro
15447,Electro
7375,Industrial Trap
2420,Dark Trap
1290,Hipstter-Hop
14319,Drums & Bass
2171,Dark Trap
11406,techno
6715,Electro
18637,Hipstter-Hop
12439,trance
14429,Emotional
14705,psytrance
13725,Hipstter-Hop
2199,Electro
15766,Dark Trap
3508,hardstyle
5117,trap
9093,Hipstter-Hop
11074,hardstyle
19766,Hipstter-Hop
133,Hipstter-Hop
9530,Dark Trap
10476,trap
19942,Dark Trap
5505,trap
3571,Hipstter-Hop
13468,Electro
8845,Hipstter-Hop
20550,Emotional
17998,trap
7998,hardstyle
15211,techno
16286,Dark Trap
21040,Hipstter-Hop
12367,Electro
1504,Hiphop
11333,Hipstter-Hop
11625,Electro
8094,techno
17267,techno
7796,Hipstter-Hop
20180,trance
12505,Rhythm & Blues
18200,Drums & Bass
10436,Dark Trap
1182,trance
13506,psytrance
1077,Emotional
8986,trap
4084,Hipstter-Hop
10280,Dark Trap
14255,Electro
20853,techno
5809,trap
5702,Dark Trap
16705,Hipstter-Hop
1911,Emotional
482,trap
6810,Hipstter-Hop
12534,techno
8658,trance
1489,Electro
15165,Rap
11833,Dark Trap
14762,Hipstter-Hop
4296,Electro
19658,Hipstter-Hop
5862,Electro
3844,trap
20691,hardstyle
16944,Hipstter-Hop
12649,Hipstter-Hop
12643,Dark Trap
9382,Dark Trap
12217,Hiphop
7341,Electro
8813,trap
5376,trance
5910,Rhythm & Blues
14753,Rap
16780,trance
10495,Hipstter-Hop
5459,Hiphop
16466,Dark Trap
3950,trance
12964,hardstyle
8835,Hipstter-Hop
4605,Hiphop
9236,Dark Trap
9672,trance
2386,psytrance
4981,Rhythm & Blues
4189,Hipstter-Hop
1114,trance
3882,trap
16078,Electro
3498,trap
3208,Hipstter-Hop
3248,techno
803,techno
12082,Drums & Bass
11193,Electro
17362,Rhythm & Blues
18921,Industrial Trap
2937,Hipstter-Hop
4149,Dark Trap
10760,Hipstter-Hop
10137,techno
13473,Hipstter-Hop
12111,Hipstter-Hop
2041,psytrance
18760,Electro
9453,psytrance
971,Industrial Trap
4794,Drums & Bass
4285,Hipstter-Hop
17795,Hipstter-Hop
13582,Dark Trap
19515,Drums & Bass
4731,trap
5743,hardstyle
11585,trance
718,Hipstter-Hop
1870,Hipstter-Hop
8969,techno
17315,trap
18212,Hipstter-Hop
9786,Dark Trap
6049,Drums & Bass
15808,Hipstter-Hop
17989,Emotional
13810,Dark Trap
5286,techno
7369,Pop
2559,Hiphop
4921,Emotional
16716,Dark Trap
11481,Hipstter-Hop
9039,Hipstter-Hop
15501,Dark Trap
2235,trance
2467,Hipstter-Hop
4441,Industrial Trap
4634,Hipstter-Hop
9123,trance
16587,Drums & Bass
19584,Electro
19151,Industrial Trap
5116,Hipstter-Hop
5732,Rhythm & Blues
606,trance
3820,Hipstter-Hop
12603,trance
18406,Hipstter-Hop
16802,psytrance
4772,Dark Trap
10033,Electro
3776,psytrance
3794,Industrial Trap
14869,Dark Trap
9345,techno
4417,Industrial Trap
6624,hardstyle
4909,psytrance
16313,Dark Trap
17409,Dark Trap
7510,hardstyle
18954,Hipstter-Hop
6689,trap
7575,Dark Trap
10709,Hipstter-Hop
7434,Hiphop
4475,techno
744,Hiphop
2812,Emotional
11466,trap
14660,Drums & Bass
5763,Hipstter-Hop
1092,Hipstter-Hop
1201,trap
16738,Hipstter-Hop
3050,hardstyle
6550,Hiphop
20641,Industrial Trap
15716,Electro
7000,Drums & Bass
5332,Hipstter-Hop
7488,trap
18885,psytrance
17006,trap
7748,Electro
14958,Emotional
4073,techno
17714,Drums & Bass
5685,Hipstter-Hop
9592,Rap
4044,Hipstter-Hop
18161,Emotional
3405,Dark Trap
4520,Electro
344,Dark Trap
7020,Dark Trap
1698,Hipstter-Hop
7810,Hiphop
4671,Industrial Trap
7700,trance
3699,techno
15872,psytrance
16381,Electro
12116,techno
20521,Dark Trap
19293,Hipstter-Hop
13480,Dark Trap
21009,Dark Trap
20312,Emotional
14679,hardstyle
3901,Hipstter-Hop
19093,Dark Trap
15570,Hipstter-Hop
12827,Hipstter-Hop
16301,Rhythm & Blues
15947,Rhythm & Blues
14724,Hipstter-Hop
17851,psytrance
6879,hardstyle
10906,hardstyle
12086,Electro
16460,psytrance
14273,Hipstter-Hop
19320,Hipstter-Hop
12579,Hipstter-Hop
9325,Electro
2425,trap
13548,trap
15544,Dark Trap
14860,trap
17971,Emotional
17894,trap
18687,Electro
2571,Electro
10444,Rhythm & Blues
21098,trance
11519,Hipstter-Hop
14861,Hipstter-Hop
15194,Electro
7159,trance
13458,trance
6077,hardstyle
17050,Hipstter-Hop
4307,Hiphop
323,Drums & Bass
7913,Rhythm & Blues
2879,Hipstter-Hop
12858,Hipstter-Hop
10901,Dark Trap
3505,Dark Trap
8704,Hiphop
6891,trance
9478,Hipstter-Hop
10205,Hipstter-Hop
19286,Hipstter-Hop
7014,Emotional
17497,Industrial Trap
2876,Hiphop
14358,Drums & Bass
13342,trap
1534,Hiphop
16854,Hipstter-Hop
12434,Dark Trap
19203,Hipstter-Hop
1503,trap
7591,Electro
10091,hardstyle
2140,Dark Trap
8715,Hipstter-Hop
7172,Hipstter-Hop
19265,techno
13563,Rhythm & Blues
13553,Emotional
4037,trap
8398,techno
16185,Dark Trap
1215,trance
11217,Hiphop
2766,trap
9871,Hipstter-Hop
7834,psytrance
11325,Hipstter-Hop
12407,Hipstter-Hop
15733,Hipstter-Hop
9003,psytrance
15877,Hiphop
1427,Hipstter-Hop
1710,Hipstter-Hop
6467,trance
6210,trap
16966,techno
18383,hardstyle
1338,trap
16756,Emotional
19832,hardstyle
17854,psytrance
7163,Hiphop
16796,Hipstter-Hop
4930,Hipstter-Hop
6143,Hipstter-Hop
16105,Rhythm & Blues
16985,Drums & Bass
17149,Hiphop
1097,techno
19333,trap
4547,Emotional
936,Dark Trap
11247,Hipstter-Hop
12214,hardstyle
12291,Hipstter-Hop
16970,Electro
18917,trap
2026,hardstyle
13037,Electro
2334,hardstyle
14816,Rhythm & Blues
13398,Hipstter-Hop
19746,Rap
3111,Hipstter-Hop
5561,hardstyle
5438,Electro
14603,Hiphop
16845,Dark Trap
15348,Hipstter-Hop
16107,trap
16065,Industrial Trap
13656,psytrance
10098,psytrance
1535,Drums & Bass
341,Electro
16677,Drums & Bass
8043,Hipstter-Hop
5943,hardstyle
4344,Electro
10995,Dark Trap
346,Hipstter-Hop
14435,hardstyle
20025,Hipstter-Hop
5597,Dark Trap
34,Dark Trap
9515,Electro
2498,Drums & Bass
13536,Dark Trap
18708,Hipstter-Hop
10087,Hipstter-Hop
19677,techno
14726,Rap
10140,Hipstter-Hop
1493,Drums & Bass
1443,trap
3350,trap
9209,trance
10210,trap
3156,Hipstter-Hop
16134,psytrance
18328,Drums & Bass
8344,hardstyle
6913,Hipstter-Hop
13290,Dark Trap
649,Hipstter-Hop
438,Rhythm & Blues
16640,trap
12862,Hipstter-Hop
18715,Emotional
3532,hardstyle
10663,Hiphop
14945,Hipstter-Hop
11335,techno
2020,trap
4702,Hipstter-Hop
2724,Hipstter-Hop
12146,Drums & Bass
2305,Rhythm & Blues
3169,hardstyle
10346,hardstyle
11417,Hipstter-Hop
3488,Electro
3023,Dark Trap
3354,psytrance
13495,Hiphop
14910,Dark Trap
11262,Dark Trap
2115,Hipstter-Hop
5019,Hipstter-Hop
4336,Drums & Bass
14875,Hipstter-Hop
4874,Electro
19616,Drums & Bass
9072,Hipstter-Hop
16968,hardstyle
3965,Hipstter-Hop
19002,Hiphop
7831,hardstyle
12780,Electro
9545,Hipstter-Hop
9712,trance
3623,Hipstter-Hop
13512,psytrance
14514,Electro
19582,Electro
11318,techno
16201,Emotional
10063,Hipstter-Hop
4178,techno
19378,trap
19009,Hipstter-Hop
7428,hardstyle
14329,psytrance
18982,Electro
14789,Dark Trap
16867,Electro
17285,Hipstter-Hop
6815,psytrance
10510,trap
20101,Hipstter-Hop
11060,psytrance
3043,Hipstter-Hop
3045,Pop
15634,Industrial Trap
18704,Emotional
20546,hardstyle
17296,Drums & Bass
21034,Electro
6355,Hipstter-Hop
18606,Electro
20671,Electro
5421,psytrance
11403,trap
1635,trance
6466,Hiphop
6285,hardstyle
17020,Rap
7326,techno
4973,Dark Trap
17913,Electro
9498,trap
19058,trap
15011,Electro
8956,Emotional
2008,Rhythm & Blues
538,Dark Trap
9655,Hipstter-Hop
2350,Hipstter-Hop
13819,techno
911,Drums & Bass
11794,Drums & Bass
11378,trance
15581,Drums & Bass
16256,trance
20302,Emotional
6279,Hipstter-Hop
1662,Hipstter-Hop
11010,trap
11816,trap
16449,trap
3352,Hipstter-Hop
13874,hardstyle
19538,trap
7786,trance
3472,Rhythm & Blues
7760,Dark Trap
8121,trance
20519,Hiphop
17878,Drums & Bass
3000,psytrance
11654,Emotional
15491,psytrance
10935,techno
18600,Dark Trap
20484,techno
290,Hipstter-Hop
13777,trap
19108,Dark Trap
15739,Hipstter-Hop
4828,Hiphop
4980,Dark Trap
6892,Hipstter-Hop
6290,Rap
11170,Dark Trap
17276,Emotional
18031,psytrance
8710,Dark Trap
17743,trance
8981,Hipstter-Hop
8432,psytrance
15468,Dark Trap
7775,Hipstter-Hop
16568,techno
17577,trance
17999,Dark Trap
11820,Hipstter-Hop
6714,hardstyle
6667,trap
1901,hardstyle
8868,Emotional
7676,Hipstter-Hop
7997,Industrial Trap
18477,techno
17230,Industrial Trap
20144,Emotional
12843,hardstyle
14942,Electro
484,hardstyle
17632,techno
14662,trance
1288,Emotional
8951,Hipstter-Hop
21072,Electro
13795,Hipstter-Hop
2270,Hipstter-Hop
15793,Dark Trap
14764,Emotional
10059,Dark Trap
18736,Hipstter-Hop
11311,techno
2090,hardstyle
17537,psytrance
20634,Hipstter-Hop
10809,Drums & Bass
7007,Drums & Bass
20748,Hipstter-Hop
6067,Hipstter-Hop
1371,psytrance
17789,Electro
9134,psytrance
423,trance
5148,Drums & Bass
7284,Electro
16408,techno
6148,Drums & Bass
12034,Hipstter-Hop
11686,Industrial Trap
20229,Hipstter-Hop
18808,Hipstter-Hop
19943,techno
16546,techno
5572,trance
14727,Hipstter-Hop
3941,psytrance
7821,techno
8722,trap
6969,Dark Trap
10989,Rap
15095,psytrance
6245,techno
11430,hardstyle
9504,Rhythm & Blues
16618,trance
9886,Emotional
2112,hardstyle
3711,Emotional
12824,Hipstter-Hop
9717,Hipstter-Hop
17985,Rap
17653,Dark Trap
5277,Rhythm & Blues
12616,techno
16642,trap
20869,Hipstter-Hop
10461,techno
12382,techno
18811,Dark Trap
6534,Hipstter-Hop
7713,Hipstter-Hop
4871,Electro
6421,techno
12276,Electro
19684,Industrial Trap
8349,Drums & Bass
6978,Electro
11806,Hipstter-Hop
19323,psytrance
6309,Hipstter-Hop
17290,psytrance
8898,psytrance
1891,Electro
14584,Hiphop
3507,hardstyle
16821,Hipstter-Hop
2885,Pop
15993,Hiphop
15448,Dark Trap
4015,Hipstter-Hop
5186,hardstyle
13551,trap
18774,trap
5601,Hipstter-Hop
11838,trance
3489,trance
12107,trap
3860,Hipstter-Hop
18903,Electro
6162,Hipstter-Hop
12259,Hipstter-Hop
7922,Dark Trap
13213,Emotional
16813,Electro
14294,Hipstter-Hop
12849,Hipstter-Hop
20660,hardstyle
11852,Rhythm & Blues
4744,Dark Trap
10557,trap
3843,trap
17183,hardstyle
7199,Drums & Bass
1052,Electro
4410,Electro
17491,Electro
11570,Drums & Bass
20680,trap
11320,Drums & Bass
14420,psytrance
4884,trance
15762,Electro
6977,Industrial Trap
12077,Hipstter-Hop
17078,Electro
17238,Rhythm & Blues
1297,Hipstter-Hop
13520,Pop
13589,Hiphop
6698,Rhythm & Blues
4771,Electro
21019,Drums & Bass
16158,Dark Trap
9482,Hipstter-Hop
14455,trap
20232,Hiphop
16830,psytrance
7850,Dark Trap
8753,hardstyle
16334,Electro
12294,Rap
2346,Drums & Bass
17075,trap
17481,Hipstter-Hop
11968,Hipstter-Hop
13880,Hipstter-Hop
18468,Rhythm & Blues
20456,Dark Trap
7664,trance
6270,trap
15792,Hipstter-Hop
17655,Emotional
20742,Drums & Bass
2250,techno
16071,Electro
351,psytrance
16712,techno
4424,Emotional
18758,Rap
14335,Hipstter-Hop
4741,Hiphop
776,hardstyle
16207,Dark Trap
4205,Electro
1475,Dark Trap
15190,Dark Trap
4186,Drums & Bass
18135,Electro
13581,psytrance
8931,Hipstter-Hop
18719,Hipstter-Hop
3616,Rhythm & Blues
9842,Rhythm & Blues
503,Rhythm & Blues
14817,trap
7751,Hipstter-Hop
19409,Electro
17109,psytrance
21100,Hipstter-Hop
11770,Emotional
14841,Industrial Trap
17245,Dark Trap
13396,techno
119,Hipstter-Hop
19610,techno
20027,trap
5553,Hipstter-Hop
1457,Dark Trap
19072,Hipstter-Hop
3817,Drums & Bass
12117,Dark Trap
14268,Dark Trap
2255,Electro
16582,Emotional
4442,Hipstter-Hop
10240,trap
1962,Electro
11937,trap
720,trance
4774,techno
2393,Dark Trap
16356,hardstyle
6561,Dark Trap
9566,Hipstter-Hop
2546,Hiphop
19297,Emotional
17385,Drums & Bass
7685,hardstyle
20868,Hipstter-Hop
14517,Hipstter-Hop
3503,Hipstter-Hop
20166,Electro
10840,Hipstter-Hop
19872,Drums & Bass
9560,hardstyle
6647,Electro
12736,Hipstter-Hop
3704,Hipstter-Hop
15196,trap
3721,Dark Trap
208,Hipstter-Hop
2998,Dark Trap
20370,Electro
11807,Hipstter-Hop
9688,Hiphop
2266,trance
11537,Electro
21121,Hipstter-Hop
516,Hiphop
7539,psytrance
3302,Hiphop
19654,Hipstter-Hop
8376,Hiphop
2277,Hiphop
4024,psytrance
18219,Electro
12983,Electro
12412,Hipstter-Hop
12364,Electro
1978,Hipstter-Hop
10786,techno
4194,Hiphop
4847,Hipstter-Hop
5610,Emotional
6306,Hipstter-Hop
12457,trap
16146,techno
194,Dark Trap
7405,Hipstter-Hop
6332,Emotional
8452,Dark Trap
1512,hardstyle
9040,psytrance
14919,trap
13020,Electro
14142,Hiphop
14710,Emotional
9144,Industrial Trap
19048,Hipstter-Hop
20726,Hipstter-Hop
8103,Hipstter-Hop
10294,Hipstter-Hop
1311,psytrance
21079,Hipstter-Hop
18003,Hipstter-Hop
15421,Hipstter-Hop
20041,Hipstter-Hop
4059,trap
15181,Hipstter-Hop
16861,Hipstter-Hop
1087,Hiphop
6242,Hipstter-Hop
19742,Rhythm & Blues
9349,Dark Trap
8709,psytrance
6237,techno
3246,trap
8241,Electro
2848,Hipstter-Hop
4325,Hipstter-Hop
11432,hardstyle
9809,Electro
6832,Hiphop
7704,Drums & Bass
19172,Drums & Bass
19179,trance
2950,Hipstter-Hop
18641,Electro
11578,hardstyle
826,Industrial Trap
960,hardstyle
19463,Dark Trap
17624,Emotional
14121,psytrance
18642,Dark Trap
4058,hardstyle
4104,psytrance
15008,hardstyle
4504,Electro
20395,Hiphop
20718,Hipstter-Hop
7917,hardstyle
2647,Rhythm & Blues
2554,Hipstter-Hop
20790,Rhythm & Blues
17702,trap
8757,Rhythm & Blues
3015,trance
898,Electro
14158,Emotional
1981,trap
4438,trance
13077,Hipstter-Hop
17427,psytrance
2351,hardstyle
20643,Dark Trap
8019,Electro
3165,trap
19802,trap
16020,hardstyle
8958,Hipstter-Hop
20774,psytrance
3947,Electro
17626,Hipstter-Hop
16798,Electro
8028,psytrance
10872,Hipstter-Hop
16541,psytrance
7609,Electro
218,Hipstter-Hop
10671,psytrance
15163,Drums & Bass
10311,Dark Trap
13822,Hipstter-Hop
8470,techno
11096,Rhythm & Blues
2796,techno
828,hardstyle
8270,Dark Trap
5377,trance
5042,Dark Trap
4779,trap
15264,trap
6087,Electro
19191,hardstyle
17366,Dark Trap
13035,trance
14001,psytrance
10854,techno
8374,trance
3396,trance
7217,Dark Trap
4148,Hipstter-Hop
3125,Hipstter-Hop
19204,Hipstter-Hop
18128,hardstyle
13060,Hipstter-Hop
18515,Hipstter-Hop
6149,psytrance
696,hardstyle
520,trance
8063,techno
4836,Hipstter-Hop
962,Hipstter-Hop
3047,Industrial Trap
3948,Hipstter-Hop
3263,Dark Trap
13942,Hipstter-Hop
2519,Electro
3910,trap
327,Hipstter-Hop
11866,hardstyle
20504,Dark Trap
19431,Rhythm & Blues
11149,Emotional
2725,Dark Trap
8406,Hipstter-Hop
13042,Hipstter-Hop
17174,Hipstter-Hop
6006,Emotional
17178,trap
17410,Hipstter-Hop
18105,Hipstter-Hop
9233,Electro
1272,trap
3415,trap
3609,Hipstter-Hop
4153,trance
1456,Hipstter-Hop
20819,Rhythm & Blues
7708,psytrance
7330,Hipstter-Hop
9800,Hipstter-Hop
18276,psytrance
19187,Hiphop
8763,hardstyle
14185,Rhythm & Blues
18918,Hipstter-Hop
7729,Emotional
13630,techno
17914,psytrance
14084,trap
19745,Hipstter-Hop
11212,Dark Trap
4140,techno
12614,Hipstter-Hop
5023,trance
11541,Electro
12437,Hiphop
2751,Hipstter-Hop
17994,techno
7811,Hipstter-Hop
12548,techno
5139,trance
12460,Drums & Bass
20991,Dark Trap
17954,Drums & Bass
5928,Electro
13410,trap
11782,techno
7185,Dark Trap
11322,Dark Trap
13690,Hipstter-Hop
20382,Hipstter-Hop
6275,hardstyle
10360,Hipstter-Hop
313,Electro
17451,Dark Trap
11253,Emotional
6074,hardstyle
3115,Hipstter-Hop
251,Hipstter-Hop
20593,Hipstter-Hop
3894,Hipstter-Hop
8623,Dark Trap
9880,Hipstter-Hop
17573,trance
1355,Electro
14285,trap
11636,Electro
2174,techno
21128,Hiphop
17367,techno
6405,trap
738,trap
10236,hardstyle
16037,techno
19706,Hipstter-Hop
17253,Electro
20130,Hipstter-Hop
13442,Dark Trap
12557,Drums & Bass
9567,trap
15839,Electro
12309,Drums & Bass
12590,Dark Trap
2915,Hipstter-Hop
7780,Dark Trap
21064,psytrance
16016,techno
4563,techno
4160,hardstyle
20988,Electro
5201,psytrance
8291,trance
7662,techno
6760,Hipstter-Hop
18390,Hipstter-Hop
5864,trance
1580,Electro
14989,trance
2534,Industrial Trap
2862,trap
3694,hardstyle
18535,Hipstter-Hop
3470,Hipstter-Hop
13641,Dark Trap
7333,Hiphop
127,Rap
5754,Dark Trap
2781,techno
19519,Hipstter-Hop
13250,Dark Trap
2053,Dark Trap
10475,Emotional
20145,trance
18116,Industrial Trap
19727,Electro
21125,hardstyle
9978,Hipstter-Hop
17120,Dark Trap
13751,Dark Trap
14722,Hipstter-Hop
59,Hipstter-Hop
2516,Hipstter-Hop
11719,Emotional
16507,Drums & Bass
15456,Dark Trap
18461,Electro
5727,Drums & Bass
1006,Drums & Bass
8615,Emotional
14374,Drums & Bass
14137,Hiphop
13011,Dark Trap
15800,psytrance
5215,Hipstter-Hop
14907,Hipstter-Hop
3316,hardstyle
17580,psytrance
15294,Hipstter-Hop
12626,Hipstter-Hop
13948,techno
1450,Hipstter-Hop
8726,Electro
2202,Rap
4345,trance
20728,Rap
20704,Emotional
16372,hardstyle
7739,Hipstter-Hop
17394,hardstyle
19977,Rap
9222,Electro
6145,Hipstter-Hop
12902,Dark Trap
3434,Drums & Bass
19489,trance
3433,hardstyle
2622,trap
1527,Hiphop
14934,Industrial Trap
19844,hardstyle
7781,Dark Trap
18786,Electro
16773,Hipstter-Hop
12517,Hipstter-Hop
5236,trap
16045,psytrance
8198,Electro
12618,techno
14778,Hipstter-Hop
12691,Rhythm & Blues
18647,techno
13651,Hipstter-Hop
2267,Hipstter-Hop
14228,hardstyle
12973,Drums & Bass
10101,Hipstter-Hop
11778,Hipstter-Hop
10718,Hipstter-Hop
18005,psytrance
2084,hardstyle
10684,Hipstter-Hop
20303,hardstyle
3978,psytrance
451,Industrial Trap
9547,Drums & Bass
11269,trance
15330,trap
12887,hardstyle
20959,Hipstter-Hop
10327,Emotional
20989,techno
221,hardstyle
4730,Drums & Bass
8570,Hipstter-Hop
11685,Dark Trap
17754,Hipstter-Hop
17846,hardstyle
2694,Emotional
12784,Drums & Bass
7203,Emotional
18682,Drums & Bass
9192,Hipstter-Hop
18132,hardstyle
19824,Hipstter-Hop
13343,Electro
7502,Rap
1807,Hiphop
16684,Hiphop
8319,trap
459,Drums & Bass
1611,Electro
12872,Electro
12525,Hipstter-Hop
1027,hardstyle
10791,techno
10494,Electro
16726,Hipstter-Hop
3070,hardstyle
15853,Hipstter-Hop
18628,Hipstter-Hop
4902,Drums & Bass
19589,Emotional
19660,Electro
8918,techno
4072,Dark Trap
8917,trap
21096,techno
2408,Rhythm & Blues
17430,Emotional
15930,Industrial Trap
9653,Hipstter-Hop
17526,Hipstter-Hop
7592,trance
20703,Rhythm & Blues
3912,Industrial Trap
2943,trap
14040,trap
15377,Electro
1453,trance
16450,Electro
10080,techno
9868,trap
20174,Electro
10133,hardstyle
15915,Hipstter-Hop
4375,Hipstter-Hop
8454,Electro
7499,techno
5405,Hipstter-Hop
4258,hardstyle
180,Hipstter-Hop
19346,trap
4843,hardstyle
5107,Rhythm & Blues
10052,Hipstter-Hop
15383,Electro
980,trap
5388,Hipstter-Hop
1346,Dark Trap
17555,Dark Trap
16344,hardstyle
18596,Dark Trap
11402,trance
13470,hardstyle
8604,trap
1034,Hipstter-Hop
688,Hipstter-Hop
8496,trance
14221,psytrance
5371,Hipstter-Hop
13966,Electro
1624,Hipstter-Hop
12506,Drums & Bass
18793,Hipstter-Hop
6069,Drums & Bass
19095,techno
9740,hardstyle
7346,trap
9409,Dark Trap
14655,Hipstter-Hop
5333,Electro
20678,Rhythm & Blues
7650,psytrance
19295,techno
8487,Drums & Bass
10564,Hipstter-Hop
10368,trance
409,Hipstter-Hop
8797,Hipstter-Hop
4048,Hipstter-Hop
10549,Hipstter-Hop
1713,Dark Trap
18357,Electro
17853,trap
11566,Hiphop
3473,Hipstter-Hop
3486,Hipstter-Hop
17012,techno
18143,Industrial Trap
13619,hardstyle
13477,Hipstter-Hop
13517,trance
16688,Hipstter-Hop
8358,trap
20847,Dark Trap
866,Dark Trap
6669,psytrance
1805,Rhythm & Blues
13130,hardstyle
993,hardstyle
18194,Drums & Bass
7231,Dark Trap
17801,Electro
1166,Hipstter-Hop
17423,Electro
12791,Dark Trap
15227,Electro
12573,Hipstter-Hop
10163,Rap
8830,Electro
11513,hardstyle
3375,Hiphop
2300,Electro
7534,Hipstter-Hop
17097,Hipstter-Hop
2119,Emotional
4010,Hipstter-Hop
8729,Drums & Bass
15455,Drums & Bass
18174,Electro
8483,Hipstter-Hop
15056,Electro
11385,trance
10272,trap
13858,trap
7442,Drums & Bass
326,Electro
21043,trance
5385,hardstyle
16053,Hipstter-Hop
16870,Electro
13487,Emotional
15082,Dark Trap
17571,Hipstter-Hop
12490,trap
1642,trap
16591,Hipstter-Hop
8382,Drums & Bass
5527,Dark Trap
9778,Dark Trap
13426,Electro
3200,Electro
15655,psytrance
10945,Hipstter-Hop
1640,hardstyle
6433,hardstyle
10341,psytrance
16000,trap
19532,hardstyle
6730,Hipstter-Hop
5163,trap
322,Emotional
17122,psytrance
9705,techno
19484,Electro
12939,trap
1788,hardstyle
383,trap
2412,trance
4639,techno
11535,Electro
20376,Hipstter-Hop
7861,Electro
7294,Hipstter-Hop
664,Industrial Trap
7403,techno
5140,Emotional
10742,Hipstter-Hop
16144,techno
20770,Dark Trap
20265,Drums & Bass
7791,psytrance
7731,Electro
19637,trap
7240,trap
2229,Drums & Bass
3429,Dark Trap
7661,Dark Trap
14324,trance
2450,Hipstter-Hop
11540,Dark Trap
16123,Hipstter-Hop
6896,Electro
12256,hardstyle
13328,Hipstter-Hop
1084,Dark Trap
4591,Hipstter-Hop
16104,Hipstter-Hop
4139,psytrance
19754,trap
7457,Hipstter-Hop
6161,Hiphop
19865,hardstyle
14129,Hipstter-Hop
8821,Electro
2214,Hipstter-Hop
2616,Electro
1815,Hipstter-Hop
4991,Electro
15364,hardstyle
12527,Dark Trap
2323,psytrance
20205,hardstyle
18399,hardstyle
8790,Emotional
15692,Emotional
12104,techno
499,Drums & Bass
13389,Emotional
16627,Dark Trap
17920,trap
17718,trap
20116,Hipstter-Hop
2698,Dark Trap
13996,Rhythm & Blues
15516,Hipstter-Hop
10902,trap
11274,Dark Trap
14233,Dark Trap
14649,psytrance
9260,Emotional
16723,Hipstter-Hop
20105,Hipstter-Hop
7139,trance
2579,Dark Trap
6527,Electro
9630,Hipstter-Hop
9054,Emotional
13177,trap
13242,Hipstter-Hop
9477,trap
5714,hardstyle
2608,techno
15696,Hipstter-Hop
16479,Rhythm & Blues
17597,Hipstter-Hop
20187,trap
13784,Dark Trap
16744,Hipstter-Hop
9634,Hipstter-Hop
10884,hardstyle
7268,Dark Trap
2621,Rhythm & Blues
14126,Dark Trap
11527,techno
19367,Hipstter-Hop
1719,Hiphop
6070,Electro
19949,Drums & Bass
21056,Hipstter-Hop
10192,Dark Trap
6541,Electro
9811,Hipstter-Hop
200,Emotional
11379,hardstyle
20239,Emotional
11058,Hiphop
9012,Hipstter-Hop
8602,Hiphop
9801,hardstyle
20300,Dark Trap
31,Hipstter-Hop
14063,Hiphop
19060,Hipstter-Hop
8965,Emotional
631,hardstyle
14657,Hipstter-Hop
9561,Hipstter-Hop
9527,Drums & Bass
17300,Hipstter-Hop
11086,Dark Trap
6974,trap
7117,psytrance
17336,Dark Trap
20438,Hipstter-Hop
16751,trap
19940,Dark Trap
12042,Hipstter-Hop
12078,Hipstter-Hop
13371,hardstyle
2605,Industrial Trap
8816,Electro
5502,Hipstter-Hop
9932,Drums & Bass
5826,trance
3230,Hipstter-Hop
14981,techno
4097,Electro
17935,Electro
8410,Electro
7949,psytrance
13215,Electro
15409,Emotional
18754,techno
6648,Hipstter-Hop
247,Electro
10398,psytrance
3529,Dark Trap
10432,Electro
12562,Dark Trap
7277,Hipstter-Hop
8649,Dark Trap
655,Emotional
9214,techno
12856,Hiphop
2710,Hiphop
19026,Drums & Bass
9640,Hipstter-Hop
4034,Hipstter-Hop
19958,hardstyle
16440,Electro
21088,Hiphop
5354,trance
6173,Hipstter-Hop
3798,Hipstter-Hop
13691,Emotional
21015,trap
8944,trap
17156,trap
2676,trance
2177,Industrial Trap
14240,hardstyle
928,Emotional
5764,psytrance
10768,Dark Trap
5871,Electro
9626,Rap
2752,Dark Trap
17552,Rhythm & Blues
11729,Dark Trap
18798,Hiphop
11188,techno
18244,Rhythm & Blues
14091,Dark Trap
4226,hardstyle
5456,Dark Trap
3826,trance
1398,Hipstter-Hop
8909,psytrance
4600,hardstyle
10806,Drums & Bass
10804,Hipstter-Hop
19401,psytrance
6951,Hipstter-Hop
1606,Hipstter-Hop
5815,Dark Trap
1692,trap
13591,Emotional
5418,techno
2238,Rap
13826,Hipstter-Hop
18572,Emotional
4641,Emotional
115,Hipstter-Hop
9239,techno
1554,Dark Trap
10019,Dark Trap
5407,psytrance
17244,Hipstter-Hop
3463,Electro
14614,Hipstter-Hop
3323,Emotional
9737,Hipstter-Hop
19840,Hipstter-Hop
3702,Hipstter-Hop
16468,psytrance
10356,psytrance
7554,Hipstter-Hop
18838,Drums & Bass
6407,Hipstter-Hop
17621,trap
3458,hardstyle
12215,Emotional
9254,Electro
4462,Hipstter-Hop
12368,Emotional
13195,Hipstter-Hop
4400,psytrance
13033,Dark Trap
11369,psytrance
19564,Hipstter-Hop
3733,hardstyle
15401,psytrance
1827,Hipstter-Hop
4168,Electro
5112,psytrance
1337,Hipstter-Hop
15769,Electro
11264,Electro
17515,Emotional
1604,Dark Trap
2308,trance
3482,Hiphop
9153,Hipstter-Hop
7588,hardstyle
8404,psytrance
1433,Hipstter-Hop
19640,Hipstter-Hop
18421,Hipstter-Hop
4489,Electro
7563,trap
3222,Hipstter-Hop
9563,psytrance
4852,Emotional
17455,trance
5817,trap
14131,Hipstter-Hop
5550,Hipstter-Hop
6198,Drums & Bass
2702,hardstyle
7021,Drums & Bass
9459,Industrial Trap
8225,Hipstter-Hop
16248,Dark Trap
12750,Rhythm & Blues
10166,hardstyle
19550,Emotional
6373,psytrance
11063,Hipstter-Hop
9529,Rhythm & Blues
20075,Electro
10827,trap
19620,trance
3035,Drums & Bass
15464,techno
1599,Hipstter-Hop
13745,Drums & Bass
5035,Hipstter-Hop
5259,techno
11424,Hiphop
12980,trap
4540,Hipstter-Hop
20688,trance
17374,Hipstter-Hop
7839,hardstyle
4101,Dark Trap
6920,Hipstter-Hop
1147,trance
12754,Hipstter-Hop
12209,hardstyle
10393,Hipstter-Hop
8829,hardstyle
2518,Electro
19234,Drums & Bass
8887,Hiphop
6440,Emotional
2714,Dark Trap
7555,Rhythm & Blues
9495,Emotional
7772,Hipstter-Hop
1968,Emotional
12659,Hipstter-Hop
17893,Electro
11489,psytrance
8054,psytrance
18465,Dark Trap
6670,trance
1862,techno
6224,Hipstter-Hop
16941,Electro
8481,Hipstter-Hop
7660,Hipstter-Hop
13845,Hiphop
8541,techno
20762,trap
13361,trance
12072,Hipstter-Hop
9535,techno
3474,Hiphop
7559,Drums & Bass
10129,techno
13173,Industrial Trap
10035,Hipstter-Hop
7719,Hiphop
15209,Dark Trap
8499,Hiphop
6503,Dark Trap
1350,trance
8769,Drums & Bass
11687,Hipstter-Hop
18846,trap
6308,psytrance
17116,trap
19289,techno
3171,Dark Trap
12585,Hipstter-Hop
12489,psytrance
7639,Dark Trap
19482,psytrance
7395,Electro
7947,psytrance
18665,Hipstter-Hop
3617,Dark Trap
8765,Hiphop
21148,trance
16292,Rhythm & Blues
3100,Hipstter-Hop
1063,trap
17805,Electro
265,Electro
5848,hardstyle
12261,Electro
4978,Hiphop
3887,trance
20427,Dark Trap
17134,Hipstter-Hop
18050,Hipstter-Hop
16349,Hipstter-Hop
4338,Hipstter-Hop
17051,Dark Trap
15436,Hipstter-Hop
5357,Hipstter-Hop
15134,Hipstter-Hop
17141,Industrial Trap
17077,trap
424,techno
4159,Drums & Bass
14516,Hipstter-Hop
1730,techno
3821,Hipstter-Hop
16451,Industrial Trap
17768,Electro
8117,Hipstter-Hop
14658,Hipstter-Hop
3310,Emotional
54,trance
7356,Hipstter-Hop
3974,Hipstter-Hop
12553,Dark Trap
6824,Dark Trap
18827,Drums & Bass
695,trance
19665,techno
13972,Drums & Bass
18138,Drums & Bass
3578,Hipstter-Hop
13405,Hipstter-Hop
11786,Rap
1261,psytrance
17521,Hipstter-Hop
18632,Electro
2189,trance
10305,hardstyle
17187,techno
11678,Rhythm & Blues
1768,Rap
2992,Drums & Bass
15488,techno
5945,Hipstter-Hop
12353,Dark Trap
8355,Electro
18257,techno
13539,Emotional
16981,trap
18560,trap
1530,Electro
3018,trance
5865,hardstyle
1163,Rap
12022,Electro
10056,trap
14061,trap
14911,Drums & Bass
12223,Dark Trap
10359,Industrial Trap
139,hardstyle
14146,Hipstter-Hop
7852,trance
2153,Hiphop
7458,Hipstter-Hop
3062,Drums & Bass
16249,Dark Trap
2141,psytrance
2145,Hipstter-Hop
6091,psytrance
11629,Hiphop
19717,Electro
15051,Hipstter-Hop
4045,Dark Trap
11228,hardstyle
8530,techno
18499,Hipstter-Hop
17779,Electro
4398,Hipstter-Hop
13484,trance
1712,Electro
9358,Dark Trap
15357,hardstyle
18426,Hipstter-Hop
6956,Dark Trap
8784,Industrial Trap
9897,Hipstter-Hop
2003,Hipstter-Hop
10961,techno
12321,Dark Trap
6595,trap
4411,Electro
12810,techno
11746,trap
20356,trap
5532,Dark Trap
7305,trance
5230,psytrance
12094,trap
17498,Hipstter-Hop
7451,Hipstter-Hop
2152,Hipstter-Hop
11762,Electro
11400,Drums & Bass
17242,Electro
6812,techno
4977,hardstyle
19110,psytrance
13531,Dark Trap
15012,trap
7316,psytrance
20202,Dark Trap
19005,trance
18669,Hiphop
12020,psytrance
10424,psytrance
16298,Hipstter-Hop
12393,Hipstter-Hop
13189,Dark Trap
5001,Hipstter-Hop
1227,Hiphop
20195,Hipstter-Hop
12084,trance
11913,Hipstter-Hop
14568,Emotional
14085,Rhythm & Blues
6352,hardstyle
14957,Emotional
12731,Rhythm & Blues
19197,Hipstter-Hop
8233,techno
20271,techno
9509,Hiphop
6325,trap
3394,psytrance
9701,techno
2878,Dark Trap
10604,trap
4202,techno
7112,Hipstter-Hop
13643,Hiphop
20338,techno
8178,Hipstter-Hop
20794,Drums & Bass
16012,Dark Trap
14351,Hipstter-Hop
7125,Electro
1522,hardstyle
19050,Pop
5337,techno
13697,Rhythm & Blues
10834,Dark Trap
17299,Drums & Bass
2754,Hipstter-Hop
3113,psytrance
6543,Electro
16752,Electro
1943,hardstyle
1202,Dark Trap
18931,trance
210,hardstyle
10869,Dark Trap
18287,Electro
11640,trap
19389,Electro
4707,trance
19232,hardstyle
12187,Drums & Bass
4699,Dark Trap
10769,Drums & Bass
3509,psytrance
13252,Drums & Bass
15400,Electro
15267,Drums & Bass
18221,trap
1061,Electro
4767,Drums & Bass
5250,Hipstter-Hop
18702,psytrance
11068,Rhythm & Blues
5567,Electro
19373,trance
19542,Hipstter-Hop
18510,Drums & Bass
14173,Electro
7801,Dark Trap
88,Rap
6187,Electro
20621,Hipstter-Hop
10579,trap
18183,Electro
19988,Hipstter-Hop
4450,Dark Trap
6473,techno
7285,Drums & Bass
13954,Emotional
18412,Electro
16178,trance
19073,Hiphop
5306,psytrance
14488,hardstyle
8158,Dark Trap
7047,hardstyle
1205,Electro
13781,hardstyle
5391,Electro
2195,Hiphop
7912,Hiphop
20999,Electro
9398,Hipstter-Hop
2361,psytrance
18395,hardstyle
6023,Rhythm & Blues
17485,hardstyle
4824,Hipstter-Hop
18524,Hipstter-Hop
8395,Hipstter-Hop
20934,Electro
2864,Hipstter-Hop
18762,Hipstter-Hop
12554,hardstyle
4954,psytrance
6842,trap
9771,trance
10206,trance
16728,Hipstter-Hop
20317,trance
4003,Emotional
18604,techno
5940,Hipstter-Hop
576,Emotional
18821,Hipstter-Hop
7191,Hiphop
5576,Dark Trap
15818,techno
18373,psytrance
8826,Emotional
8583,hardstyle
15231,Electro
10936,Hiphop
6491,techno
6462,hardstyle
17270,Drums & Bass
12655,hardstyle
18892,Hipstter-Hop
12559,Hipstter-Hop
3686,trance
15076,techno
2388,techno
4043,trance
16860,Industrial Trap
466,Hipstter-Hop
4445,techno
9468,trance
12523,techno
5483,hardstyle
12311,Electro
12121,Electro
12340,Hiphop
13801,Drums & Bass
18203,Emotional
1632,Electro
20594,Industrial Trap
14621,Hipstter-Hop
878,Hipstter-Hop
2503,hardstyle
8492,Rhythm & Blues
20927,Hipstter-Hop
8503,Electro
12758,Hipstter-Hop
3265,Electro
14306,hardstyle
1402,Hipstter-Hop
16213,Hiphop
4197,hardstyle
2617,Drums & Bass
2683,Hipstter-Hop
8460,Electro
15063,Hipstter-Hop
13079,hardstyle
2712,Emotional
19959,Dark Trap
11977,Emotional
9651,psytrance
12925,hardstyle
20283,Hipstter-Hop
5198,Hipstter-Hop
4755,Hipstter-Hop
8327,Electro
10811,Electro
5284,Emotional
13143,Dark Trap
6384,Dark Trap
3971,Drums & Bass
17877,trance
15677,Rhythm & Blues
18455,trap
9391,Industrial Trap
20681,techno
18505,Rap
2265,Industrial Trap
9962,Emotional
15857,Hipstter-Hop
18424,psytrance
4484,hardstyle
11304,psytrance
11051,psytrance
20276,Electro
12836,Hiphop
2930,Industrial Trap
10328,Hipstter-Hop
14497,techno
4333,Electro
19552,Hipstter-Hop
10580,Hipstter-Hop
11243,psytrance
9119,Drums & Bass
3585,Hipstter-Hop
15939,Hipstter-Hop
11198,hardstyle
2602,hardstyle
3468,Hipstter-Hop
18994,hardstyle
20275,Dark Trap
1282,trap
2480,hardstyle
4110,trap
12870,Hipstter-Hop
14193,Hipstter-Hop
3519,Hipstter-Hop
4510,hardstyle
20444,Hipstter-Hop
5709,Hipstter-Hop
20346,Electro
13022,psytrance
4293,Hipstter-Hop
4028,Industrial Trap
15402,Drums & Bass
13148,Dark Trap
6052,Hipstter-Hop
9698,Emotional
9652,Hipstter-Hop
14496,Rhythm & Blues
4420,Dark Trap
9270,Hipstter-Hop
19807,techno
5748,Hipstter-Hop
19679,Electro
6225,Hipstter-Hop
11607,trap
19239,psytrance
8685,Hipstter-Hop
15500,psytrance
15412,Hipstter-Hop
12423,Hipstter-Hop
20070,Hipstter-Hop
16108,hardstyle
15219,Hiphop
4525,Electro
8195,psytrance
7113,Dark Trap
6753,techno
12842,Industrial Trap
17102,Hipstter-Hop
12654,psytrance
9252,Rap
12300,techno
7301,techno
19884,Dark Trap
4572,Hipstter-Hop
16187,psytrance
2325,Hipstter-Hop
8723,Drums & Bass
18057,Dark Trap
2290,techno
16906,Dark Trap
15693,Dark Trap
3328,hardstyle
1258,techno
15055,Hipstter-Hop
8873,hardstyle
19579,Electro
21143,Hipstter-Hop
273,trap
15291,Hipstter-Hop
12507,Hiphop
10158,trance
4404,psytrance
16147,psytrance
17310,Dark Trap
7877,trap
18445,Emotional
3455,techno
10425,trap
14850,trance
11029,Emotional
17442,Hipstter-Hop
4388,hardstyle
18563,Emotional
18501,Drums & Bass
9392,trap
12911,Dark Trap
5814,Electro
12428,Emotional
20209,Drums & Bass
6216,hardstyle
18947,trap
12008,Rhythm & Blues
10282,trance
12988,trap
19593,Electro
18349,Hipstter-Hop
16196,Dark Trap
4448,Rhythm & Blues
18045,Dark Trap
12239,trap
13642,trap
2893,Rhythm & Blues
20497,Emotional
12513,Dark Trap
10089,Hipstter-Hop
16120,Hiphop
16483,trap
2237,Emotional
6392,Dark Trap
8843,trap
14637,Industrial Trap
20001,Electro
257,trap
21066,Rhythm & Blues
14738,Hipstter-Hop
16801,trap
20673,hardstyle
6366,psytrance
21074,Electro
18860,Electro
10807,Industrial Trap
13624,psytrance
15609,Drums & Bass
14177,Hiphop
8180,hardstyle
18483,hardstyle
1743,Hipstter-Hop
13246,Drums & Bass
7615,Hiphop
5071,Hipstter-Hop
5446,Hipstter-Hop
14641,techno
9492,Hipstter-Hop
2312,Hiphop
12110,Electro
7449,hardstyle
15292,Dark Trap
18896,trance
19932,Dark Trap
18265,Drums & Bass
5954,Rap
19495,trance
14947,Hipstter-Hop
14180,trap
14628,trap
3286,Dark Trap
3615,Rhythm & Blues
19391,Emotional
15805,Dark Trap
13896,Hiphop
1644,Dark Trap
2457,Hipstter-Hop
2859,Hipstter-Hop
10509,Dark Trap
103,Dark Trap
10493,Rhythm & Blues
9246,Dark Trap
6490,techno
15489,Rhythm & Blues
16057,psytrance
11491,Hipstter-Hop
3492,Hipstter-Hop
20390,Dark Trap
12498,trap
5642,Dark Trap
16529,Electro
3295,Industrial Trap
12074,Hipstter-Hop
14999,Pop
17437,hardstyle
9665,Dark Trap
19688,hardstyle
17036,Hipstter-Hop
6020,trap
10194,hardstyle
6653,Hipstter-Hop
9060,Rhythm & Blues
4688,hardstyle
9022,hardstyle
4877,Hipstter-Hop
19602,Hipstter-Hop
12359,techno
57,Hipstter-Hop
6532,Hipstter-Hop
17480,techno
15394,Drums & Bass
11562,Electro
7486,trance
13571,Hipstter-Hop
13952,hardstyle
20713,techno
14915,Rhythm & Blues
14393,Electro
15825,psytrance
13112,hardstyle
2301,Hipstter-Hop
13289,Hipstter-Hop
13655,hardstyle
379,Rhythm & Blues
3926,Rhythm & Blues
19848,hardstyle
6286,Hipstter-Hop
9758,Rhythm & Blues
10624,Hipstter-Hop
16972,Hipstter-Hop
6243,Dark Trap
6959,Drums & Bass
927,hardstyle
10993,Rap
10419,Electro
6798,Hipstter-Hop
8145,techno
12438,Hipstter-Hop
4564,trap
399,techno
15691,techno
2851,Hipstter-Hop
11191,Hipstter-Hop
11405,Hipstter-Hop
18433,Hiphop
15572,trance
7599,Industrial Trap
17344,Emotional
15301,trance
8842,techno
14366,techno
3778,Emotional
14313,Electro
15685,Industrial Trap
13400,Hipstter-Hop
21087,Dark Trap
6914,hardstyle
9457,Hiphop
6677,Electro
19332,Hipstter-Hop
15911,hardstyle
15757,Hipstter-Hop
17561,Hipstter-Hop
467,hardstyle
8603,Emotional
4165,Hipstter-Hop
4783,Drums & Bass
4191,trance
10418,Hiphop
10125,Rap
11983,Rap
6138,Dark Trap
17598,techno
5683,Dark Trap
6075,trap
11768,hardstyle
19069,Hipstter-Hop
7353,Emotional
15905,Hipstter-Hop
13124,Hipstter-Hop
6335,Hipstter-Hop
18451,Rap
15928,hardstyle
18303,Hipstter-Hop
12315,trance
13188,Hipstter-Hop
10479,Dark Trap
6662,Rap
3,hardstyle
2028,trap
17381,Hipstter-Hop
19615,Electro
2929,Emotional
4577,psytrance
18401,Emotional
1732,Industrial Trap
15257,techno
18430,Emotional
2392,hardstyle
5031,trap
13291,psytrance
18610,hardstyle
17899,Rhythm & Blues
7918,Electro
6181,Hipstter-Hop
20496,Electro
10608,trap
11517,Hiphop
7110,Hipstter-Hop
5654,Hipstter-Hop
15620,Hipstter-Hop
21127,Electro
42,Rhythm & Blues
3668,Drums & Bass
16537,hardstyle
14954,Electro
8748,hardstyle
795,Rhythm & Blues
13420,Dark Trap
3993,Emotional
13017,techno
13078,Dark Trap
17948,Hiphop
15424,Drums & Bass
17252,Dark Trap
15141,Dark Trap
15418,Rhythm & Blues
8785,Electro
18251,Pop
19485,hardstyle
5736,psytrance
7048,hardstyle
6919,techno
11524,Hipstter-Hop
407,Hipstter-Hop
17137,Emotional
46,Electro
20969,Dark Trap
15298,Drums & Bass
14009,Dark Trap
9231,techno
15891,Drums & Bass
9684,Dark Trap
11858,Hiphop
2842,trap
19406,Hipstter-Hop
6105,Emotional
14168,Drums & Bass
17820,Hipstter-Hop
5290,trance
13769,Drums & Bass
15697,trance
7753,trap
9250,Hipstter-Hop
17499,Dark Trap
18856,techno
2485,trap
20361,techno
18158,hardstyle
4738,trap
12730,Hipstter-Hop
15884,Hipstter-Hop
12063,Electro
2483,trap
16488,psytrance
5751,psytrance
9934,techno
19993,Rhythm & Blues
10801,Dark Trap
14222,Dark Trap
2319,Hipstter-Hop
15923,techno
11792,Emotional
584,Dark Trap
7625,Hipstter-Hop
6231,Dark Trap
7955,Drums & Bass
10482,Hipstter-Hop
9526,hardstyle
708,Hipstter-Hop
819,Electro
12825,Dark Trap
3682,Hipstter-Hop
1822,techno
10349,hardstyle
3315,Hipstter-Hop
11012,hardstyle
4984,trap
1722,Hipstter-Hop
13583,Hipstter-Hop
16569,psytrance
13418,Electro
3268,Rap
3806,Emotional
6399,Drums & Bass
4618,Rhythm & Blues
13715,psytrance
20448,Hipstter-Hop
15005,Industrial Trap
18166,psytrance
8962,hardstyle
644,techno
8045,trap
11963,Hipstter-Hop
9059,hardstyle
11499,trap
15508,Hipstter-Hop
4128,Dark Trap
20694,Emotional
13526,trance
19534,techno
7907,Emotional
12211,Dark Trap
8632,Drums & Bass
2133,Hipstter-Hop
5995,Dark Trap
10772,Hiphop
10289,Emotional
12101,trance
14241,Industrial Trap
4230,trance
6271,Dark Trap
11408,Hiphop
10533,Hipstter-Hop
20692,Electro
1430,Drums & Bass
14077,Hiphop
10302,psytrance
19244,hardstyle
2505,Hipstter-Hop
16903,Hipstter-Hop
19408,Electro
13164,hardstyle
17942,Industrial Trap
5998,Hipstter-Hop
8474,Dark Trap
4739,trance
13513,Hipstter-Hop
2326,Electro
8654,Electro
4269,Hipstter-Hop
18386,hardstyle
9922,Hipstter-Hop
14419,Drums & Bass
7317,Hipstter-Hop
20957,Dark Trap
15302,Emotional
457,Drums & Bass
7627,Hipstter-Hop
16695,Electro
14872,techno
12822,Hipstter-Hop
13167,Hipstter-Hop
12188,hardstyle
9051,techno
17952,Electro
5711,Hipstter-Hop
20270,psytrance
4347,Drums & Bass
20985,Rhythm & Blues
2117,Drums & Bass
20289,hardstyle
668,trance
1162,Rhythm & Blues
10013,trap
19144,Electro
11915,hardstyle
7752,techno
17527,techno
1219,hardstyle
431,techno
9606,Rhythm & Blues
16827,Dark Trap
20517,hardstyle
2898,Dark Trap
9901,psytrance
9194,Hipstter-Hop
3353,trap
16709,Hipstter-Hop
19328,techno
13792,Electro
4199,Dark Trap
20115,trap
12477,Rhythm & Blues
2935,Dark Trap
15925,hardstyle
6933,techno
10690,Electro
17090,Hipstter-Hop
315,Rhythm & Blues
3388,Dark Trap
8203,trap
9014,Electro
20846,Hiphop
1419,Electro
5076,psytrance
18650,hardstyle
9380,Hipstter-Hop
3128,Rhythm & Blues
7687,Electro
18397,hardstyle
17041,trance
3533,techno
13162,Electro
13962,Dark Trap
11726,Hipstter-Hop
16962,Hiphop
6757,hardstyle
3189,Dark Trap
17644,Hipstter-Hop
293,Drums & Bass
21150,techno
13723,hardstyle
5933,trance
3351,techno
12255,hardstyle
6455,trap
20977,Hipstter-Hop
907,Rhythm & Blues
4821,Hiphop
18417,techno
9555,Industrial Trap
12922,hardstyle
6946,Hiphop
1994,Hipstter-Hop
1704,Electro
9931,trap
3211,Electro
13597,Hipstter-Hop
977,Hiphop
1873,psytrance
18119,Electro
18393,Hipstter-Hop
621,techno
3282,Hipstter-Hop
15192,trance
7703,Hipstter-Hop
6925,Hipstter-Hop
1153,Hiphop
9722,Hipstter-Hop
9791,trap
2703,Dark Trap
586,hardstyle
20862,Electro
12288,techno
10279,Hipstter-Hop
16401,Hiphop
16765,Electro
6328,Electro
16132,Hiphop
18528,Hipstter-Hop
7981,Drums & Bass
16115,Hipstter-Hop
15204,Electro
10609,Hipstter-Hop
17115,Emotional
11955,Hipstter-Hop
5545,Hipstter-Hop
10734,Hipstter-Hop
852,Hipstter-Hop
14000,hardstyle
14644,Electro
12960,Electro
4156,Emotional
18776,Hipstter-Hop
1339,Rhythm & Blues
14247,Dark Trap
15041,Hipstter-Hop
8049,Hipstter-Hop
5716,Dark Trap
5245,hardstyle
11498,Hipstter-Hop
736,Emotional
14136,Hipstter-Hop
18756,Dark Trap
19022,Hipstter-Hop
5557,Hiphop
450,Hipstter-Hop
19997,Dark Trap
17917,Emotional
19269,Industrial Trap
17937,Hiphop
17269,Drums & Bass
3931,Electro
18718,trap
16577,Dark Trap
13888,hardstyle
4143,hardstyle
13552,psytrance
2767,hardstyle
1144,Hiphop
7681,Dark Trap
6518,Dark Trap
6281,hardstyle
1237,Hipstter-Hop
16603,Hipstter-Hop
3572,Hipstter-Hop
16471,Dark Trap
9815,Hipstter-Hop
10512,Emotional
12148,Electro
41,Hipstter-Hop
14972,Drums & Bass
8833,hardstyle
4085,trap
3210,techno
19916,Drums & Bass
9015,Emotional
2578,Dark Trap
11107,hardstyle
13262,Electro
2034,Hipstter-Hop
1123,trap
14617,Dark Trap
21046,Hipstter-Hop
19220,psytrance
10599,psytrance
15104,Drums & Bass
15680,Rhythm & Blues
17947,Rhythm & Blues
6613,Hipstter-Hop
8056,Electro
1347,Drums & Bass
18541,Drums & Bass
2585,Emotional
8886,Dark Trap
6649,Hipstter-Hop
12017,Hipstter-Hop
9489,trap
11744,hardstyle
6685,trap
7536,Emotional
19793,Rhythm & Blues
90,Drums & Bass
7596,trap
35,Electro
20125,psytrance
13864,trap
20342,Emotional
13464,Electro
5314,Hipstter-Hop
5635,Drums & Bass
13628,hardstyle
3570,Hiphop
705,Hipstter-Hop
2207,trance
15414,Industrial Trap
5363,Hipstter-Hop
19635,Rap
8086,Electro
15350,Emotional
3479,Hipstter-Hop
6835,Dark Trap
17767,Rhythm & Blues
17793,Hipstter-Hop
14014,Emotional
9276,Hipstter-Hop
11698,Dark Trap
6311,Hipstter-Hop
13358,psytrance
7921,Industrial Trap
14927,Rhythm & Blues
7930,Dark Trap
6536,Drums & Bass
2002,Drums & Bass
6707,Hipstter-Hop
10026,techno
14652,Electro
6612,Dark Trap
4528,Dark Trap
6164,trap
5195,hardstyle
6024,Drums & Bass
3242,techno
19201,hardstyle
8126,Hipstter-Hop
9085,trap
7530,Hipstter-Hop
15957,Drums & Bass
15123,Drums & Bass
11275,Hipstter-Hop
14192,techno
14542,Pop
16576,Rhythm & Blues
16937,Hipstter-Hop
1866,Hipstter-Hop
2221,trap
13421,Electro
17132,Dark Trap
20021,Dark Trap
16096,Hipstter-Hop
14624,techno
16720,Hipstter-Hop
651,Dark Trap
13538,Hipstter-Hop
5566,Emotional
7668,Hipstter-Hop
5437,Drums & Bass
9534,Electro
16487,Hipstter-Hop
20256,Hipstter-Hop
4031,Hipstter-Hop
7858,Industrial Trap
9050,Emotional
17883,Hiphop
5106,trance
11972,psytrance
19718,hardstyle
8862,Hipstter-Hop
17,trance
5018,Electro
18081,Rhythm & Blues
5787,Hipstter-Hop
7136,hardstyle
13982,Hiphop
6871,Electro
5584,psytrance
13999,Hipstter-Hop
15112,trap
6600,Drums & Bass
12725,Emotional
17604,Rap
10149,trap
647,Hipstter-Hop
4653,Hipstter-Hop
5929,techno
13541,psytrance
1321,techno
8665,Emotional
4629,Hipstter-Hop
15059,Electro
16130,Hipstter-Hop
1905,Dark Trap
16149,Hipstter-Hop
3425,hardstyle
14280,Dark Trap
18518,hardstyle
17165,psytrance
10334,Emotional
18422,trap
4678,Dark Trap
16615,hardstyle
1429,Hipstter-Hop
20601,trance
11822,trap
217,Electro
12745,Rhythm & Blues
9084,Hipstter-Hop
20663,hardstyle
1396,Hipstter-Hop
8260,trap
19974,Rhythm & Blues
4706,Dark Trap
14483,Drums & Bass
6289,Electro
1739,Electro
11206,psytrance
8914,Hipstter-Hop
7671,Emotional
12785,techno
16475,Rhythm & Blues
6451,trap
12416,trap
19851,psytrance
11615,Industrial Trap
13967,Hipstter-Hop
19763,hardstyle
5458,Dark Trap
10855,techno
4579,Hipstter-Hop
1187,trap
2797,Hipstter-Hop
17869,Hiphop
18481,Hipstter-Hop
891,Electro
17433,Dark Trap
3848,trap
20348,Hipstter-Hop
10312,psytrance
1838,Hipstter-Hop
10022,hardstyle
4596,Hipstter-Hop
21067,Drums & Bass
13681,hardstyle
4290,Dark Trap
19337,Electro
387,Rhythm & Blues
7077,Hipstter-Hop
14479,trap
20629,Hipstter-Hop
20962,trance
1035,Hipstter-Hop
19487,Hiphop
6063,Drums & Bass
11631,Hipstter-Hop
18794,Hipstter-Hop
2448,hardstyle
841,Industrial Trap
13222,Electro
20383,Hipstter-Hop
8174,Hipstter-Hop
11776,Dark Trap
14196,Hipstter-Hop
8929,hardstyle
13925,Emotional
8803,trance
10534,Dark Trap
4356,Hipstter-Hop
9570,techno
6556,Hipstter-Hop
8336,Industrial Trap
18217,psytrance
3502,Dark Trap
140,Electro
7167,Hipstter-Hop
7985,hardstyle
12471,Hipstter-Hop
13908,techno
8361,techno
15861,Hipstter-Hop
2065,psytrance
11876,psytrance
3386,trap
1444,Drums & Bass
10747,Hipstter-Hop
1372,hardstyle
2753,Dark Trap
278,Rhythm & Blues
13535,Electro
4106,Industrial Trap
3669,Hipstter-Hop
12863,Electro
7884,hardstyle
17303,Rhythm & Blues
513,Drums & Bass
7040,Hipstter-Hop
14670,Rhythm & Blues
7889,trap
20473,trap
2789,Electro
7789,hardstyle
2380,trap
4680,trance
3226,Drums & Bass
8537,Hipstter-Hop
19966,trap
5129,Hipstter-Hop
20225,Dark Trap
19927,hardstyle
4496,Electro
11127,techno
12179,Hiphop
10191,trance
4941,trap
8288,techno
12985,Hipstter-Hop
14734,trap
7289,Electro
13113,hardstyle
8939,Drums & Bass
12441,trance
2403,Hipstter-Hop
16683,Electro
4936,hardstyle
18147,psytrance
8590,Electro
16243,Hipstter-Hop
12838,Dark Trap
8139,Dark Trap
6220,Hiphop
7528,Hipstter-Hop
6664,Electro
11292,techno
11418,Hipstter-Hop
14963,Drums & Bass
1705,techno
5045,trance
9234,Electro
19617,trap
3106,Hiphop
7438,Hipstter-Hop
476,Electro
4337,techno
18617,trap
3525,Electro
18581,Hipstter-Hop
11961,Hipstter-Hop
14970,Dark Trap
4590,Hipstter-Hop
9584,Dark Trap
18990,trap
16074,Drums & Bass
3643,Hipstter-Hop
9601,Hipstter-Hop
6847,Electro
21103,Emotional
3068,trap
20562,Electro
13023,trance
970,Dark Trap
14929,hardstyle
18291,Hipstter-Hop
12627,hardstyle
7228,Rhythm & Blues
6590,Emotional
20315,techno
3335,Hipstter-Hop
19165,Hipstter-Hop
5662,trance
10924,psytrance
11315,trap
19278,Drums & Bass
12956,techno
15984,Hipstter-Hop
4932,hardstyle
4057,Emotional
12151,Hipstter-Hop
9982,trance
21084,Rhythm & Blues
10842,Electro
15837,Emotional
733,Dark Trap
16269,Electro
7100,Dark Trap
19032,Drums & Bass
7717,Electro
8129,Hipstter-Hop
3334,Dark Trap
3886,trance
21063,Drums & Bass
4974,trance
15566,Dark Trap
21089,Emotional
20429,Electro
17291,Hipstter-Hop
8109,Drums & Bass
1065,trap
16026,Dark Trap
8294,Emotional
12406,Dark Trap
17384,Rhythm & Blues
7348,Rhythm & Blues
9946,Drums & Bass
16465,Rhythm & Blues
8568,techno
19471,Hiphop
19211,Electro
7085,Hipstter-Hop
11272,Hipstter-Hop
13152,techno
1441,Dark Trap
15466,Hipstter-Hop
6848,trance
17957,Drums & Bass
3633,Dark Trap
12823,trance
2444,trance
4949,hardstyle
17386,hardstyle
6921,trance
4966,Hipstter-Hop
17318,Drums & Bass
5414,Hipstter-Hop
5227,Hipstter-Hop
15032,Hiphop
11701,Hipstter-Hop
7782,Hipstter-Hop
13603,Hipstter-Hop
6298,Hipstter-Hop
3638,Rhythm & Blues
10528,trap
13775,Emotional
3710,Hipstter-Hop
12290,trap
10157,Hipstter-Hop
10946,Hipstter-Hop
17551,trance
13961,trap
921,trance
1086,psytrance
6501,Dark Trap
3025,Hipstter-Hop
9091,Rap
11699,techno
14825,Rap
2699,Hipstter-Hop
19441,Rap
13463,Hipstter-Hop
1362,hardstyle
19841,Electro
18847,Dark Trap
8644,Electro
12222,Hipstter-Hop
3011,Hipstter-Hop
2232,techno
14577,Dark Trap
11674,hardstyle
10120,trap
16746,techno
4742,Hipstter-Hop
5554,Electro
13497,Rhythm & Blues
5203,trap
20436,techno
17941,techno
10162,hardstyle
12699,Drums & Bass
16877,trance
2129,Hipstter-Hop
2414,trap
2794,Hipstter-Hop
6039,Hipstter-Hop
9147,Electro
14217,Drums & Bass
16022,psytrance
13064,Dark Trap
8323,Drums & Bass
11573,Electro
19042,Emotional
2684,Hipstter-Hop
11825,Hipstter-Hop
17295,Hipstter-Hop
5394,trance
5925,Emotional
1383,Hipstter-Hop
14107,hardstyle
20389,Electro
5849,Drums & Bass
19348,Electro
8105,Hipstter-Hop
2748,Hipstter-Hop
16799,Hipstter-Hop
3739,Hipstter-Hop
2635,Dark Trap
9273,Hipstter-Hop
14815,Electro
19510,Industrial Trap
169,Hipstter-Hop
20526,psytrance
6551,Emotional
5466,Electro
15705,Rhythm & Blues
12561,hardstyle
20120,Hipstter-Hop
5216,Hipstter-Hop
3366,techno
4509,Hipstter-Hop
17136,hardstyle
12389,Drums & Bass
16421,Hipstter-Hop
553,Dark Trap
3376,Dark Trap
17158,Hipstter-Hop
12574,Dark Trap
5883,psytrance
20724,Drums & Bass
5345,Electro
7256,Drums & Bass
137,Electro
8513,techno
9710,Dark Trap
12733,Hipstter-Hop
3919,Hipstter-Hop
3277,Hipstter-Hop
6427,Hipstter-Hop
13133,Dark Trap
4894,Hipstter-Hop
9129,Hipstter-Hop
2856,hardstyle
12408,Electro
8251,Emotional
14171,hardstyle
11743,Dark Trap
19520,Dark Trap
6660,Dark Trap
14847,Dark Trap
11697,trap
15726,psytrance
5570,Emotional
9445,Drums & Bass
16809,Dark Trap
12262,Rhythm & Blues
4328,trance
15873,Dark Trap
8932,techno
1397,Rap
19214,Electro
5312,Hiphop
20034,Hipstter-Hop
7665,techno
14575,Drums & Bass
2213,trap
13088,Hipstter-Hop
9507,trap
3725,hardstyle
7046,techno
10711,trance
10943,trap
2512,techno
10784,Hipstter-Hop
13842,Dark Trap
21120,Drums & Bass
8141,Electro
7324,Drums & Bass
14984,trance
9812,trap
5474,Emotional
17605,Electro
2495,Dark Trap
12447,Hipstter-Hop
3274,Hipstter-Hop
13307,Emotional
19775,Pop
17161,Dark Trap
2701,trance
2085,psytrance
5749,psytrance
18590,trap
17459,Electro
6108,techno
15621,Electro
13049,psytrance
5128,techno
13755,hardstyle
15176,psytrance
4903,Dark Trap
13094,Dark Trap
6100,Electro
6526,Emotional
10180,techno
7198,Drums & Bass
18126,psytrance
14446,trap
5503,psytrance
6424,Hiphop
16030,Hipstter-Hop
17439,Hiphop
7093,Rap
9683,trance
10008,Hiphop
20183,Industrial Trap
17354,Hiphop
16410,Dark Trap
10172,Electro
14581,Hipstter-Hop
8840,Rhythm & Blues
714,Rhythm & Blues
2678,Hipstter-Hop
12883,psytrance
3393,Dark Trap
14044,Hipstter-Hop
11343,hardstyle
15841,Drums & Bass
5217,Hipstter-Hop
4170,Rhythm & Blues
12354,Dark Trap
7551,Electro
6,Rap
9086,Industrial Trap
19212,Hipstter-Hop
11000,Electro
17061,trap
4955,Hipstter-Hop
7359,Emotional
17900,Electro
5382,Electro
14780,Emotional
14717,Hipstter-Hop
10802,Dark Trap
14298,Electro
16341,Drums & Bass
9754,techno
20548,Hipstter-Hop
11635,trap
19345,Hipstter-Hop
6781,trap
3769,hardstyle
16151,Electro
16360,Hipstter-Hop
13372,Emotional
5350,psytrance
1023,Rhythm & Blues
10384,Dark Trap
16852,Electro
5857,trance
4351,Emotional
10113,techno
6369,Hipstter-Hop
4935,Hipstter-Hop
20900,Electro
15010,techno
7361,hardstyle
17124,Hipstter-Hop
17125,Hiphop
5449,Hipstter-Hop
18107,Dark Trap
4788,Hipstter-Hop
10155,Electro
20582,techno
7201,Hipstter-Hop
6717,Hipstter-Hop
14411,Hipstter-Hop
11140,Electro
12747,Drums & Bass
9841,hardstyle
6409,psytrance
7290,hardstyle
18839,hardstyle
7387,Electro
3143,Rhythm & Blues
10952,Drums & Bass
2111,techno
17375,psytrance
19500,Hipstter-Hop
8551,Hipstter-Hop
17473,hardstyle
16685,trance
8878,Drums & Bass
10215,trance
15767,Hipstter-Hop
15737,Hipstter-Hop
7988,Emotional
14737,Hipstter-Hop
7747,Hipstter-Hop
558,Dark Trap
15248,Dark Trap
7806,Hipstter-Hop
13514,hardstyle
16069,Electro
10904,Dark Trap
4989,Dark Trap
6687,Hipstter-Hop
2727,Electro
17504,hardstyle
9610,Hipstter-Hop
3213,psytrance
10662,trap
15983,psytrance
4832,hardstyle
7153,Hiphop
6756,Hipstter-Hop
4985,Emotional
13606,techno
8915,Hipstter-Hop
6545,Rhythm & Blues
8246,Hipstter-Hop
4265,trap
14687,hardstyle
19768,trance
9723,Drums & Bass
15496,trap
16150,trance
5800,Pop
8866,Dark Trap
7646,techno
1470,techno
3559,Emotional
18331,trance
8825,Dark Trap
18176,trap
3522,psytrance
18765,trance
19104,Hipstter-Hop
6188,Electro
10456,trance
17671,Dark Trap
20885,Drums & Bass
5970,psytrance
2988,Electro
7278,Emotional
3481,Electro
7934,trap
4413,Drums & Bass
5304,Drums & Bass
8292,Hipstter-Hop
11522,Hipstter-Hop
2252,Emotional
16238,Dark Trap
8149,hardstyle
1869,psytrance
9384,Rhythm & Blues
10899,trap
17993,techno
13959,trap
17828,trance
8200,hardstyle
18618,Hipstter-Hop
4461,Dark Trap
8639,psytrance
18163,Dark Trap
16504,Rhythm & Blues
1199,techno
15178,trance
14540,Drums & Bass
1277,Rhythm & Blues
11885,hardstyle
8972,trap
18557,Dark Trap
15210,Hipstter-Hop
715,trap
1670,techno
7654,Dark Trap
4309,trap
8421,trap
8396,Rhythm & Blues
361,Hipstter-Hop
12398,Rhythm & Blues
4449,hardstyle
11584,Hipstter-Hop
9620,Drums & Bass
8248,Hipstter-Hop
18964,Hipstter-Hop
19686,Electro
5048,Hipstter-Hop
13441,Rhythm & Blues
10084,Hipstter-Hop
17637,Emotional
3024,techno
10498,trap
17987,Hipstter-Hop
11201,Electro
9272,trance
5948,Dark Trap
8506,Emotional
1157,Electro
8455,Dark Trap
17631,techno
20635,Drums & Bass
9303,Hiphop
16387,trap
18423,Hiphop
15395,Rap
460,trap
6015,hardstyle
8136,techno
7568,Hipstter-Hop
9362,hardstyle
7580,Dark Trap
291,Rhythm & Blues
4740,Hipstter-Hop
20907,Electro
14983,techno
18065,Hiphop
14862,Hipstter-Hop
1106,Hipstter-Hop
3528,Hipstter-Hop
10687,trance
20512,Hiphop
8306,Hipstter-Hop
17287,Rap
16699,Hipstter-Hop
7886,hardstyle
14664,Hiphop
9100,Hipstter-Hop
15273,trance
20534,trap
6002,Hipstter-Hop
9682,Dark Trap
14095,Drums & Bass
16518,Hipstter-Hop
16168,Electro
13696,Dark Trap
8756,Electro
4013,Hipstter-Hop
18591,Dark Trap
900,hardstyle
2279,hardstyle
6350,Emotional
20107,Hipstter-Hop
3921,Hipstter-Hop
13657,Hipstter-Hop
4983,psytrance
259,hardstyle
10567,Rhythm & Blues
12064,hardstyle
20510,Hiphop
1647,Drums & Bass
11551,trance
12308,techno
2910,Dark Trap
10644,Dark Trap
230,Hipstter-Hop
2981,hardstyle
11056,Electro
6062,Rhythm & Blues
2932,techno
15249,Hipstter-Hop
11919,psytrance
11958,hardstyle
17119,Industrial Trap
12037,Hipstter-Hop
3922,trance
4610,Dark Trap
17476,Hipstter-Hop
11175,Dark Trap
2669,trance
15653,Hiphop
5518,Hiphop
5244,Hipstter-Hop
10877,trance
20457,trance
7267,Hipstter-Hop
9109,Industrial Trap
5293,trance
18310,Electro
19248,Industrial Trap
11512,Dark Trap
274,hardstyle
8375,Hiphop
5513,Dark Trap
15863,hardstyle
16815,hardstyle
19185,Dark Trap
16407,Hipstter-Hop
9853,trance
3836,Electro
2626,techno
5211,Dark Trap
17670,Emotional
19326,Drums & Bass
4519,trance
4252,Dark Trap
12705,Rap
19438,psytrance
20388,Drums & Bass
16619,Electro
5098,Hipstter-Hop
15025,trap
15077,hardstyle
13108,Rhythm & Blues
6234,Hipstter-Hop
19530,Hipstter-Hop
5971,trance
9895,Dark Trap
3187,Pop
9068,Hiphop
4463,hardstyle
14058,Electro
2184,psytrance
11860,Dark Trap
10574,Rhythm & Blues
17922,Electro
8231,psytrance
2066,techno
17733,Industrial Trap
17550,Hipstter-Hop
7537,techno
11668,Hipstter-Hop
5516,hardstyle
9720,trap
11711,Hipstter-Hop
17799,Hipstter-Hop
15277,Dark Trap
19465,trap
12943,Emotional
13015,Hipstter-Hop
19836,techno
12584,Electro
20292,Electro
16007,hardstyle
8673,Hipstter-Hop
7696,Dark Trap
20747,Hipstter-Hop
1957,Electro
6119,Drums & Bass
17647,Hipstter-Hop
5485,trap
487,Hipstter-Hop
15053,Hiphop
16784,psytrance
3979,Hipstter-Hop
11924,Hipstter-Hop
4219,hardstyle
21037,trap
20619,Dark Trap
10543,trance
3184,Dark Trap
13321,Drums & Bass
15725,Drums & Bass
11756,psytrance
15555,trap
9881,trap
18512,Rhythm & Blues
8629,Hipstter-Hop
2783,trance
19424,hardstyle
7538,trance
4447,Hiphop
16498,hardstyle
13796,Dark Trap
18485,Hipstter-Hop
8626,trap
19514,trance
4770,psytrance
10128,Hipstter-Hop
18813,Dark Trap
1020,hardstyle
9647,techno
7121,Hipstter-Hop
20191,Emotional
13251,hardstyle
16620,Hipstter-Hop
19312,Hiphop
3073,Electro
12419,Dark Trap
14174,Electro
4193,hardstyle
16814,Electro
10980,trap
15591,Electro
2740,Electro
14275,Drums & Bass
20359,hardstyle
4279,Hipstter-Hop
16778,psytrance
10256,Rhythm & Blues
2736,Hipstter-Hop
3511,psytrance
12196,trap
13118,Electro
134,Emotional
19133,trap
16759,Electro
15531,psytrance
15135,hardstyle
9935,Drums & Bass
5999,Electro
15699,hardstyle
16825,Hipstter-Hop
8815,Hipstter-Hop
17395,Electro
4068,Hipstter-Hop
11355,techno
17322,Emotional
15142,trap
10925,Hipstter-Hop
15090,Hipstter-Hop
11153,Dark Trap
11158,Electro
15117,hardstyle
5043,Hipstter-Hop
5548,Hipstter-Hop
1579,trap
19343,Electro
2968,Drums & Bass
19299,techno
18986,Hipstter-Hop
3256,Hipstter-Hop
15955,techno
485,Rhythm & Blues
17636,psytrance
967,hardstyle
11047,hardstyle
6885,Hipstter-Hop
10598,Hipstter-Hop
17398,techno
10856,Electro
16339,Dark Trap
13987,Hiphop
1947,Emotional
11129,Electro
11285,hardstyle
2225,Rhythm & Blues
6868,Dark Trap
4192,Hipstter-Hop
20250,trance
17835,trance
6803,Industrial Trap
2136,Hipstter-Hop
14776,Hipstter-Hop
12727,Hipstter-Hop
3752,psytrance
7583,Rap
11346,Drums & Bass
18696,Rhythm & Blues
16963,Hipstter-Hop
20522,Dark Trap
9912,techno
16443,Hipstter-Hop
15473,Industrial Trap
6706,trap
16316,Electro
7648,Dark Trap
6650,Drums & Bass
3204,Electro
2549,Electro
11557,Emotional
18599,techno
5081,Hipstter-Hop
8596,trap
17694,Hipstter-Hop
6301,Electro
15040,trance
20418,Rap
19936,techno
20268,trap
18983,Hipstter-Hop
14046,Hipstter-Hop
10727,Hipstter-Hop
6051,Hipstter-Hop
18345,Hipstter-Hop
11213,Rhythm & Blues
19521,Dark Trap
11342,Industrial Trap
2904,trance
10074,Hipstter-Hop
6918,Rhythm & Blues
18389,Hiphop
6599,Hipstter-Hop
601,Hipstter-Hop
7721,trap
4032,techno
14443,psytrance
16540,trance
20712,techno
6388,Hipstter-Hop
8304,Industrial Trap
2167,Hiphop
18317,Dark Trap
18336,Drums & Bass
18909,Hipstter-Hop
4548,trap
18629,techno
18859,Hipstter-Hop
9423,techno
17505,trance
10062,Hipstter-Hop
21035,Hipstter-Hop
6417,Dark Trap
5160,trance
2624,Hipstter-Hop
10363,Emotional
12010,Hiphop
2545,hardstyle
8271,Dark Trap
5678,Drums & Bass
16707,Electro
741,trance
411,psytrance
12550,Hipstter-Hop
20381,Hipstter-Hop
14459,Drums & Bass
14041,Hipstter-Hop
14835,Dark Trap
15533,Hipstter-Hop
8698,Dark Trap
2497,Hipstter-Hop
13201,psytrance
20824,hardstyle
6682,Drums & Bass
19513,psytrance
4696,hardstyle
14986,Drums & Bass
14619,Electro
2760,Hipstter-Hop
2075,Electro
15875,Hipstter-Hop
20501,hardstyle
9298,Drums & Bass
18691,hardstyle
17232,Hipstter-Hop
13150,Hipstter-Hop
8151,Hipstter-Hop
11846,Hipstter-Hop
3105,Drums & Bass
14792,Hipstter-Hop
5627,Electro
3147,Dark Trap
5719,Dark Trap
13588,Electro
6603,hardstyle
286,techno
19911,Hiphop
1323,trap
15760,Hipstter-Hop
16973,psytrance
18169,trap
19259,trap
72,Hipstter-Hop
20813,hardstyle
410,Hiphop
9025,Hipstter-Hop
2078,trap
10527,Hipstter-Hop
2012,Hipstter-Hop
16800,Electro
16484,Hiphop
8575,Rhythm & Blues
14588,Drums & Bass
11419,Hipstter-Hop
2522,techno
5885,Electro
4609,Hipstter-Hop
16084,Rhythm & Blues
6535,techno
16666,techno
6235,Electro
16611,Hipstter-Hop
9863,techno
8622,Dark Trap
15497,hardstyle
9748,psytrance
13580,trap
18689,Hipstter-Hop
6562,Dark Trap
7335,trap
4556,Dark Trap
3461,Rhythm & Blues
9976,Hipstter-Hop
13443,trap
16290,Electro
18623,psytrance
14002,psytrance
7672,Hipstter-Hop
2298,Industrial Trap
3168,psytrance
17016,trance
13740,techno
8350,Dark Trap
4393,Hiphop
13709,Electro
11658,Hipstter-Hop
4819,Dark Trap
17545,Hipstter-Hop
6692,Hipstter-Hop
17645,hardstyle
13101,Hipstter-Hop
1071,trance
15263,Emotional
6003,Electro
4074,Electro
19822,Drums & Bass
15843,Electro
2830,Rap
11036,Hipstter-Hop
5115,Hipstter-Hop
2045,Electro
1595,Electro
10645,trance
18380,trap
10540,Emotional
8147,Drums & Bass
205,psytrance
7976,Dark Trap
18098,Hiphop
16890,Hiphop
16041,trap
14134,Hipstter-Hop
7870,Hipstter-Hop
18924,Drums & Bass
12976,trap
2677,Drums & Bass
3538,hardstyle
17479,Electro
15780,Hipstter-Hop
14856,Hipstter-Hop
4667,Hipstter-Hop
5194,Dark Trap
1731,Electro
15664,psytrance
3635,Hipstter-Hop
5887,Rap
5005,hardstyle
697,Dark Trap
1005,Hipstter-Hop
13137,psytrance
12894,Electro
15131,Hipstter-Hop
11043,trance
2771,Electro
12073,psytrance
4049,psytrance
14587,hardstyle
15815,Rhythm & Blues
16710,hardstyle
18671,trap
12247,Hipstter-Hop
12753,Hiphop
1029,Rhythm & Blues
11251,Industrial Trap
9564,trance
17278,Electro
8970,Electro
3958,trap
7944,Hipstter-Hop
13413,Hipstter-Hop
10337,trap
14408,Electro
9480,Hipstter-Hop
5975,trap
6778,Hipstter-Hop
4672,Dark Trap
5888,Hipstter-Hop
7497,Hipstter-Hop
16236,Hipstter-Hop
6480,Dark Trap
5564,Hipstter-Hop
12425,psytrance
2101,Electro
19896,Emotional
101,Hipstter-Hop
4691,Electro
9568,hardstyle
6903,Electro
13225,Electro
2743,Drums & Bass
20397,Hipstter-Hop
18210,Hipstter-Hop
4322,techno
8796,psytrance
7755,trap
16181,Hipstter-Hop
16331,Hipstter-Hop
4842,psytrance
7552,Dark Trap
8616,Emotional
8476,hardstyle
2730,Electro
396,trap
1664,Hipstter-Hop
10411,Hipstter-Hop
19111,trap
18026,Hiphop
16452,Rhythm & Blues
4896,Hipstter-Hop
1476,Electro
8941,psytrance
13039,Hipstter-Hop
3589,hardstyle
21119,Drums & Bass
20870,Dark Trap
16179,Hipstter-Hop
13144,Emotional
635,Dark Trap
817,techno
14030,Industrial Trap
16607,hardstyle
3341,Hipstter-Hop
19082,trap
50,Drums & Bass
10071,hardstyle
4166,Hipstter-Hop
5059,trap
9264,Electro
5050,Hipstter-Hop
707,Rap
1686,Emotional
12700,trap
17946,Emotional
5514,Hipstter-Hop
15442,Hipstter-Hop
2777,Emotional
9502,techno
724,Drums & Bass
16822,Hipstter-Hop
12624,Hipstter-Hop
836,Drums & Bass
17516,Hipstter-Hop
2805,Hiphop
433,Dark Trap
14370,Hipstter-Hop
8182,Dark Trap
15991,psytrance
15574,Emotional
17207,Hipstter-Hop
12635,techno
14844,Electro
1026,Hipstter-Hop
8883,Hipstter-Hop
8827,Hipstter-Hop
15462,Hiphop
12099,Dark Trap
17331,trance
20760,Hipstter-Hop
5135,Hipstter-Hop
1158,trap
128,psytrance
9048,hardstyle
14912,trap
16926,Dark Trap
10658,Rhythm & Blues
20344,Hipstter-Hop
123,Hipstter-Hop
1247,Hiphop
820,Drums & Bass
8229,Dark Trap
8138,Dark Trap
8352,Hipstter-Hop
14608,Hipstter-Hop
18189,Hipstter-Hop
13476,Rap
10571,Hipstter-Hop
6357,Electro
9469,Hipstter-Hop
13445,Rhythm & Blues
2332,Dark Trap
11906,Hipstter-Hop
16113,hardstyle
5099,Hipstter-Hop
18318,Hipstter-Hop
20012,Emotional
14390,Hipstter-Hop
2948,Hiphop
9586,psytrance
11114,techno
10281,trap
14510,Hipstter-Hop
14412,trance
5701,Hipstter-Hop
13838,Electro
8407,Hipstter-Hop
1358,trap
896,Dark Trap
963,Hipstter-Hop
7948,Electro
3014,Drums & Bass
11446,Hipstter-Hop
1959,Emotional
14558,Drums & Bass
19257,Rhythm & Blues
18941,Industrial Trap
7757,Emotional
15573,Dark Trap
8960,Dark Trap
20795,hardstyle
2541,Hipstter-Hop
4580,Emotional
4574,hardstyle
16679,psytrance
12200,Emotional
930,Rhythm & Blues
10612,psytrance
19503,Drums & Bass
4115,hardstyle
14800,Hipstter-Hop
10746,Rhythm & Blues
8858,Rhythm & Blues
5460,psytrance
15961,Electro
5960,techno
12430,Hipstter-Hop
11903,Hiphop
16818,Hiphop
17417,techno
9387,hardstyle
16283,Hipstter-Hop
7212,trap
12026,trap
8416,Hipstter-Hop
14265,hardstyle
9150,Electro
14853,Drums & Bass
8727,Dark Trap
13573,Hipstter-Hop
11225,trap
9923,Rhythm & Blues
12293,Hipstter-Hop
11747,Dark Trap
1837,Electro
16772,Dark Trap
5598,techno
12552,Hipstter-Hop
19537,Dark Trap
49,hardstyle
14913,Rap
18735,Industrial Trap
20993,Hipstter-Hop
14909,techno
12578,Hipstter-Hop
11257,Industrial Trap
10030,Electro
17619,trap
13322,Hipstter-Hop
9099,trance
7969,psytrance
20775,Industrial Trap
11208,Hipstter-Hop
3698,Hipstter-Hop
13492,Emotional
3451,Hipstter-Hop
8310,Emotional
19728,Electro
1557,Hiphop
10843,Hiphop
17057,Hipstter-Hop
6909,Rap
11141,trance
12566,Electro
9238,Dark Trap
4387,Hipstter-Hop
16624,Drums & Bass
8647,Hiphop
14469,techno
13002,Hiphop
11352,hardstyle
16461,trance
5852,trap
7402,hardstyle
2157,hardstyle
9000,Dark Trap
19877,techno
19522,Dark Trap
18334,Hipstter-Hop
12376,Electro
18595,Electro
2814,Hipstter-Hop
1697,psytrance
6619,Dark Trap
12350,Hipstter-Hop
9406,trance
1066,Electro
12927,Drums & Bass
2439,Hipstter-Hop
20442,Dark Trap
16855,Electro
11482,Industrial Trap
16502,Hipstter-Hop
2782,trance
7071,hardstyle
3934,Hipstter-Hop
10590,Hipstter-Hop
2039,Hipstter-Hop
2360,Rhythm & Blues
16592,Rhythm & Blues
20753,Dark Trap
5472,trap
11610,Hipstter-Hop
16782,Hipstter-Hop
19352,Hipstter-Hop
8299,Electro
6246,trap
15799,Hipstter-Hop
5170,Hipstter-Hop
16373,Hipstter-Hop
14640,trance
16135,Hiphop
13056,trap
3287,Electro
10911,Electro
7107,Electro
19580,Hipstter-Hop
9483,Hiphop
20611,Hipstter-Hop
7677,Hipstter-Hop
8696,Electro
13453,Hipstter-Hop
6223,techno
7638,Emotional
16769,Hipstter-Hop
2046,Dark Trap
17401,Dark Trap
14360,hardstyle
14266,Hiphop
17659,Drums & Bass
10127,Hipstter-Hop
6206,Dark Trap
18761,Dark Trap
4720,Hipstter-Hop
17066,trance
3059,Hipstter-Hop
11031,Hipstter-Hop
11828,Dark Trap
11025,Hipstter-Hop
18725,Electro
3579,Emotional
11662,Hipstter-Hop
7300,psytrance
15159,Hipstter-Hop
16604,techno
9757,techno
3984,Hipstter-Hop
9451,trap
15804,psytrance
14155,Hipstter-Hop
11660,Electro
7725,techno
8369,Hipstter-Hop
4069,hardstyle
13540,Hipstter-Hop
16291,Emotional
19074,Electro
18356,techno
3580,trance
5833,Drums & Bass
15405,trap
4282,trance
17403,Hipstter-Hop
1194,hardstyle
9729,Electro
20560,Hiphop
12056,trap
3975,Rhythm & Blues
196,hardstyle
1119,Dark Trap
20483,hardstyle
17581,Hipstter-Hop
19622,Dark Trap
11732,Hipstter-Hop
10982,Drums & Bass
1588,Hipstter-Hop
17775,trance
13823,techno
1804,hardstyle
6916,Hipstter-Hop
8332,Hipstter-Hop
20580,hardstyle
17748,Hipstter-Hop
15624,trap
1776,Hipstter-Hop
16382,hardstyle
17023,Hipstter-Hop
10777,Industrial Trap
8156,psytrance
285,trap
15423,Emotional
10597,trap
15250,trap
549,Hipstter-Hop
17661,trance
2909,trap
8255,Rap
18025,Emotional
20017,trap
3048,Dark Trap
18985,hardstyle
15604,trap
3753,Drums & Bass
13978,Hipstter-Hop
4046,trance
17836,hardstyle
16570,Emotional
2452,Hipstter-Hop
12597,trance
1979,Rhythm & Blues
18937,Dark Trap
2067,Drums & Bass
17956,Hiphop
13504,trap
10537,techno
10610,trap
10036,Hipstter-Hop
12462,Dark Trap
11665,Hipstter-Hop
18926,hardstyle
8852,Emotional
15027,Dark Trap
16857,Electro
18906,Electro
18701,hardstyle
9426,techno
14880,Hiphop
6097,Rhythm & Blues
18746,Rap
16945,techno
8599,Drums & Bass
10560,Hiphop
8612,techno
13670,Dark Trap
12443,Dark Trap
11904,Emotional
6228,hardstyle
3755,Drums & Bass
10735,trance
5866,Electro
9559,Electro
20767,Electro
4021,hardstyle
6258,Hipstter-Hop
5792,techno
2966,Electro
6345,Hipstter-Hop
7178,Drums & Bass
11078,Drums & Bass
12051,Hipstter-Hop
1303,Dark Trap
20074,trap
18075,Hipstter-Hop
8865,Electro
17224,Dark Trap
1373,trap
8700,psytrance
12751,Electro
8165,Dark Trap
1135,Hipstter-Hop
12335,Rhythm & Blues
426,Hiphop
12137,Dark Trap
20284,psytrance
17723,Electro
339,Hipstter-Hop
8088,Electro
17760,Electro
15303,Hipstter-Hop
12025,Dark Trap
3314,Electro
10470,Dark Trap
19987,Industrial Trap
6631,hardstyle
18626,Dark Trap
20258,Hipstter-Hop
3649,psytrance
17782,psytrance
2973,Electro
5589,Hipstter-Hop
2959,psytrance
4371,Rhythm & Blues
18263,Electro
129,Dark Trap
10865,Hiphop
401,Hipstter-Hop
6253,Dark Trap
13855,Dark Trap
11055,hardstyle
6484,hardstyle
19099,trap
3008,Dark Trap
6402,Dark Trap
11229,Hipstter-Hop
18254,psytrance
10600,trap
13730,psytrance
12528,trance
9780,Hipstter-Hop
19416,Electro
3269,hardstyle
17114,techno
5952,Hipstter-Hop
6866,techno
17169,Rhythm & Blues
20604,psytrance
19751,psytrance
7515,Drums & Bass
5090,Emotional
9728,trance
16006,trap
608,Rap
12033,Hipstter-Hop
19,Rhythm & Blues
11203,techno
7439,Hipstter-Hop
7479,Emotional
20241,Industrial Trap
2487,psytrance
17037,trap
9671,Dark Trap
15806,Rhythm & Blues
6482,Hipstter-Hop
6887,Electro
20341,techno
19937,hardstyle
4518,Hipstter-Hop
13789,trap
4724,Hipstter-Hop
16379,Emotional
7826,trance
14656,techno
15428,Rhythm & Blues
3800,Hipstter-Hop
11226,techno
10001,Emotional
14714,Hiphop
11627,hardstyle
11453,Hipstter-Hop
14290,hardstyle
1983,Dark Trap
9598,Electro
9317,trap
6293,Drums & Bass
18707,trance
16125,Hipstter-Hop
20050,Dark Trap
657,techno
13554,Hipstter-Hop
751,Hipstter-Hop
2081,hardstyle
17710,hardstyle
11008,Industrial Trap
17874,Hipstter-Hop
14579,Electro
18148,Hipstter-Hop
8688,Hiphop
10633,trap
3410,Drums & Bass
16062,Emotional
4914,Hipstter-Hop
9125,Hipstter-Hop
3652,psytrance
17118,Electro
19327,Drums & Bass
5593,Dark Trap
2364,hardstyle
47,Rhythm & Blues
11444,Hipstter-Hop
19570,Hipstter-Hop
9614,Rhythm & Blues
20828,Drums & Bass
15831,Hipstter-Hop
18644,trap
10607,psytrance
10522,Drums & Bass
1944,hardstyle
19947,Hipstter-Hop
9042,Drums & Bass
8546,Hipstter-Hop
11945,Drums & Bass
18627,Hipstter-Hop
11693,Electro
10329,Rhythm & Blues
8309,trap
6625,techno
15779,techno
11884,techno
9999,Rhythm & Blues
14235,Drums & Bass
16680,Hipstter-Hop
1213,Hipstter-Hop
17466,Hipstter-Hop
15318,Electro
21029,Industrial Trap
5621,Electro
13461,Electro
8360,Dark Trap
8778,hardstyle
10204,Emotional
2540,Drums & Bass
2912,Hipstter-Hop
1038,Hiphop
19184,hardstyle
20755,techno
18530,Drums & Bass
20909,Electro
729,Drums & Bass
13533,hardstyle
18933,Electro
12186,Hipstter-Hop
13590,techno
11159,Hipstter-Hop
16600,hardstyle
542,Drums & Bass
146,Electro
4546,Dark Trap
12302,Hipstter-Hop
8478,trap
241,Hipstter-Hop
7958,Dark Trap
3595,psytrance
8822,hardstyle
7427,techno
14164,Electro
15940,Pop
1952,hardstyle
5478,Rap
1594,techno
9619,Hipstter-Hop
8069,hardstyle
5183,Hipstter-Hop
10575,Emotional
4119,hardstyle
2680,hardstyle
844,Hipstter-Hop
5252,trap
12510,Rhythm & Blues
7409,trance
1783,Hiphop
62,Pop
0,hardstyle
12923,psytrance
15243,Pop
10919,Hipstter-Hop
12715,Hipstter-Hop
7920,Drums & Bass
2144,Hipstter-Hop
3665,Electro
7307,Hipstter-Hop
8678,Emotional
10108,Hipstter-Hop
5168,Dark Trap
2271,Hipstter-Hop
8687,psytrance
10351,Hipstter-Hop
4373,Hiphop
9854,Hipstter-Hop
6705,techno
10246,trap
7327,Rhythm & Blues
12245,Hipstter-Hop
5453,hardstyle
8628,techno
6442,Electro
8341,Electro
14384,Hipstter-Hop
13724,Drums & Bass
4201,hardstyle
21048,Rhythm & Blues
3449,Emotional
11868,techno
6390,Hipstter-Hop
18493,Hipstter-Hop
6494,Dark Trap
6252,Hipstter-Hop
13287,Hipstter-Hop
18875,Hipstter-Hop
413,Electro
1175,trap
9887,Rhythm & Blues
20357,Hipstter-Hop
20349,Emotional
16318,Dark Trap
17666,Hipstter-Hop
6128,Emotional
10336,psytrance
20981,Hipstter-Hop
15765,Dark Trap
18236,Hipstter-Hop
18648,Hipstter-Hop
5802,Rap
18267,trap
13879,Hipstter-Hop
5770,Rhythm & Blues
9826,trap
11165,techno
19551,hardstyle
12135,Electro
12218,Dark Trap
18366,Drums & Bass
8377,Hipstter-Hop
10507,Drums & Bass
7608,hardstyle
8585,trap
1413,Dark Trap
1130,trance
20468,Hipstter-Hop
15336,Hipstter-Hop
5174,trance
16742,Hiphop
1621,hardstyle
20450,hardstyle
5199,Hipstter-Hop
11912,Emotional
6954,psytrance
12800,trance
19385,Hipstter-Hop
3298,Hipstter-Hop
7945,Hipstter-Hop
18044,psytrance
7582,Rhythm & Blues
16024,Electro
15964,trap
6202,psytrance
11902,Dark Trap
19143,Industrial Trap
11192,Dark Trap
14303,Hipstter-Hop
10259,Dark Trap
9396,Electro
9532,Dark Trap
17678,Dark Trap
422,Dark Trap
7363,Emotional
10144,Hiphop
6076,Hipstter-Hop
8337,Rap
19044,Hipstter-Hop
19392,hardstyle
483,Rhythm & Blues
3846,hardstyle
10175,Electro
1315,trance
7911,Drums & Bass
14706,Rap
12669,Emotional
9742,Hipstter-Hop
1576,hardstyle
11850,Dark Trap
10650,Dark Trap
5937,Industrial Trap
14636,Electro
13542,Hipstter-Hop
17643,trap
5900,Electro
1989,Dark Trap
7109,techno
18686,Emotional
17746,hardstyle
14773,Drums & Bass
17502,Rhythm & Blues
16274,Hipstter-Hop
121,hardstyle
2609,Hipstter-Hop
20266,Drums & Bass
7793,Electro
18831,psytrance
953,Emotional
4904,Hipstter-Hop
7365,Electro
8191,trance
11567,Emotional
15608,psytrance
1270,Hipstter-Hop
10890,Industrial Trap
1691,Hipstter-Hop
19100,trance
19090,Dark Trap
17656,psytrance
11097,trance
8794,Hipstter-Hop
12934,Drums & Bass
2974,Hiphop
8591,Dark Trap
12509,trance
5225,psytrance
8099,hardstyle
6385,Hiphop
1208,Dark Trap
18250,Hipstter-Hop
15816,hardstyle
8439,Hipstter-Hop
13302,Hipstter-Hop
7120,Hipstter-Hop
1090,Hipstter-Hop
3120,techno
15595,Hipstter-Hop
11316,Dark Trap
15575,Hipstter-Hop
1533,trance
15014,Electro
1411,Hipstter-Hop
8331,hardstyle
19137,trance
2614,Emotional
2636,Hiphop
18274,Electro
13431,Hipstter-Hop
2664,Drums & Bass
10104,Electro
20046,Hipstter-Hop
13090,Electro
14008,Industrial Trap
20228,Hiphop
11982,Hipstter-Hop
15256,Dark Trap
19588,techno
6628,Hiphop
13759,Hipstter-Hop
20917,Electro
16840,Rhythm & Blues
16005,hardstyle
14630,Electro
10505,Electro
1767,Dark Trap
18657,Drums & Bass
9674,Electro
5742,Hipstter-Hop
11899,Dark Trap
15145,Hipstter-Hop
10048,psytrance
18420,Hipstter-Hop
5151,psytrance
18298,Dark Trap
9161,Electro
9936,Dark Trap
16396,psytrance
12906,psytrance
18951,trance
1002,Hiphop
16416,Hipstter-Hop
15817,techno
6356,Rap
8908,trap
7298,Dark Trap
6769,Industrial Trap
16988,Hiphop
11263,psytrance
11072,Electro
12036,Dark Trap
2146,Drums & Bass
6814,Hipstter-Hop
2662,Hipstter-Hop
20913,Hipstter-Hop
19777,hardstyle
11266,Hipstter-Hop
4339,Rap
3194,trap
17273,Hipstter-Hop
2953,Hiphop
12483,Drums & Bass
6926,Dark Trap
4245,psytrance
2310,Drums & Bass
13995,Hipstter-Hop
10743,Hipstter-Hop
20978,Dark Trap
19305,Hipstter-Hop
3795,Hipstter-Hop
5351,Electro
1280,Hipstter-Hop
12978,psytrance
4436,Rap
19571,Emotional
11800,Dark Trap
14751,Emotional
18038,trap
15437,techno
17189,trap
8317,Hipstter-Hop
7414,Hipstter-Hop
4625,Hipstter-Hop
18011,Electro
222,techno
3545,trap
9966,Electro
2442,trance
14836,psytrance
16429,Hipstter-Hop
1972,Electro
1570,Electro
2281,Hipstter-Hop
19948,Electro
2021,Hipstter-Hop
5665,hardstyle
14756,hardstyle
19555,trance
19735,hardstyle
2556,Rap
14035,Hipstter-Hop
7698,Hipstter-Hop
3344,Drums & Bass
902,Rap
8574,Electro
181,Dark Trap
17884,trap
18959,psytrance
1853,trance
20371,techno
7745,Hipstter-Hop
20466,Hipstter-Hop
14602,Emotional
10959,trance
6098,Rap
1458,Hiphop
18436,Electro
15889,psytrance
6808,Drums & Bass
3966,hardstyle
1926,Drums & Bass
6422,hardstyle
12712,Emotional
19291,Electro
3656,Hiphop
16415,Dark Trap
5980,hardstyle
13181,Hipstter-Hop
19505,hardstyle
13366,hardstyle
12794,Emotional
14695,Dark Trap
7015,trap
11813,Electro
13415,techno
5549,Dark Trap
19721,Hipstter-Hop
9331,Electro
8034,Hipstter-Hop
12834,Electro
17699,trap
21053,trance
3999,Dark Trap
18886,Hipstter-Hop
10646,hardstyle
7134,techno
2086,techno
6508,Rhythm & Blues
9755,techno
8223,psytrance
2589,Hipstter-Hop
5047,Rhythm & Blues
12363,Electro
7682,psytrance
4527,Drums & Bass
17400,Hipstter-Hop
10443,Electro
4254,techno
7518,Hipstter-Hop
19545,techno
15276,hardstyle
17777,Hipstter-Hop
20171,hardstyle
14386,Rhythm & Blues
4229,Dark Trap
20777,Electro
884,Hipstter-Hop
1039,hardstyle
15976,Hipstter-Hop
15416,hardstyle
18790,trap
2445,psytrance
6504,Emotional
10885,trap
16565,trap
17202,Hipstter-Hop
6831,hardstyle
6239,Hiphop
2095,Hipstter-Hop
3857,Electro
19308,Drums & Bass
12432,Electro
3477,Dark Trap
1010,psytrance
13038,techno
15439,Electro
16060,Dark Trap
7302,Hipstter-Hop
15004,psytrance
9262,Hipstter-Hop
934,psytrance
9926,Drums & Bass
11823,Dark Trap
19388,Dark Trap
1343,Electro
6061,techno
359,trance
9565,Hipstter-Hop
19449,Dark Trap
959,Industrial Trap
20354,trance
1148,Rhythm & Blues
2954,Electro
2051,trap
18768,hardstyle
2054,trance
10536,trap
17408,trance
15295,Drums & Bass
15075,Rhythm & Blues
15919,Hipstter-Hop
8030,Drums & Bass
6888,Hipstter-Hop
7087,Hipstter-Hop
9541,Hipstter-Hop
17698,Electro
19461,Hipstter-Hop
15658,trap
18781,trance
14508,Electro
6126,trance
18772,hardstyle
15571,Rhythm & Blues
16222,Hipstter-Hop
3608,Hipstter-Hop
14553,Hipstter-Hop
14458,Dark Trap
7908,Emotional
12220,Dark Trap
11604,psytrance
18385,trance
8875,Hiphop
5022,techno
7220,Emotional
7472,Hipstter-Hop
16560,psytrance
8870,techno
7469,Drums & Bass
2394,Hipstter-Hop
19819,Electro
13712,Electro
9163,trance
11943,Hipstter-Hop
16692,psytrance
19318,Hipstter-Hop
14170,hardstyle
15526,Dark Trap
16110,Hipstter-Hop
8115,Hiphop
9869,Hipstter-Hop
6695,Electro
3537,Electro
15058,Hiphop
14938,Electro
2746,Dark Trap
102,Dark Trap
14332,Hipstter-Hop
1661,Hipstter-Hop
8227,trance
15234,Rhythm & Blues
8694,Hipstter-Hop
19621,Rap
6607,psytrance
5996,techno
15811,hardstyle
20126,Rhythm & Blues
1694,techno
12123,Drums & Bass
12310,Drums & Bass
7827,Dark Trap
268,hardstyle
518,Industrial Trap
8091,Hipstter-Hop
19975,Hipstter-Hop
7983,hardstyle
16844,Industrial Trap
14763,Hipstter-Hop
2358,Hipstter-Hop
16145,Drums & Bass
937,Electro
8950,hardstyle
20779,hardstyle
8268,Drums & Bass
19825,Hipstter-Hop
2134,Emotional
4965,Rap
9320,hardstyle
20716,psytrance
16112,Dark Trap
10031,Dark Trap
20655,Hipstter-Hop
3119,trance
15370,Electro
9008,Dark Trap
1210,hardstyle
5923,Hiphop
5921,Hiphop
1085,Hipstter-Hop
20352,Hipstter-Hop
15354,Hipstter-Hop
13257,hardstyle
13637,trap
19636,Electro
12194,Hipstter-Hop
5359,techno
19475,trap
5512,trance
3379,Rhythm & Blues
1318,Electro
1769,Rap
5034,Emotional
17021,psytrance
8573,Dark Trap
11581,hardstyle
9132,trap
3562,Dark Trap
130,Dark Trap
9448,psytrance
8029,Hipstter-Hop
4880,Hipstter-Hop
13572,Drums & Bass
4918,Electro
18076,Industrial Trap
1623,trance
14767,hardstyle
1825,techno
10266,trance
10448,trap
6428,trap
13804,Hipstter-Hop
5525,Electro
14337,Rap
4602,trap
18729,psytrance
9595,trap
15698,Hipstter-Hop
2216,techno
2995,psytrance
3792,Emotional
17380,psytrance
5647,trap
5182,trance
19448,hardstyle
10092,Emotional
6377,Emotional
6725,Drums & Bass
3940,trance
13529,Electro
10782,Hipstter-Hop
4751,Hipstter-Hop
19379,Hipstter-Hop
14809,psytrance
17492,Hiphop
8993,trap
3223,trap
5348,Hipstter-Hop
8262,trap
15650,hardstyle
449,Rhythm & Blues
2264,Dark Trap
11255,Dark Trap
12795,Hipstter-Hop
17517,techno
13898,Rhythm & Blues
11811,Hipstter-Hop
18661,Emotional
535,hardstyle
11623,Industrial Trap
10216,Electro
1836,Dark Trap
8079,Hiphop
11840,Electro
9159,trance
10354,trance
8164,Dark Trap
1890,trap
7691,Hipstter-Hop
9403,trap
21007,Hipstter-Hop
9213,Electro
1688,Hipstter-Hop
12648,Hiphop
10322,Emotional
4614,Rhythm & Blues
16951,trap
12090,Electro
11717,Drums & Bass
2449,Hipstter-Hop
6492,Rap
20507,techno
4822,techno
5305,Rhythm & Blues
454,Dark Trap
18855,Hipstter-Hop
19271,trap
14431,Emotional
3852,Dark Trap
182,Hipstter-Hop
17918,Drums & Bass
10277,hardstyle
6244,Drums & Bass
11827,Dark Trap
20563,Industrial Trap
99,Dark Trap
5477,Emotional
7569,Dark Trap
14410,Electro
6315,Rhythm & Blues
2764,Dark Trap
833,techno
7553,Hipstter-Hop
1707,hardstyle
254,Hipstter-Hop
13227,techno
10803,Dark Trap
1302,Rhythm & Blues
7626,trap
14768,Hipstter-Hop
8849,trap
5508,techno
6248,Rhythm & Blues
8913,psytrance
3930,psytrance
9913,Electro
933,Dark Trap
5207,Hipstter-Hop
11103,hardstyle
20586,Electro
5282,Dark Trap
15908,Hipstter-Hop
2009,hardstyle
12895,Hipstter-Hop
7516,Dark Trap
2874,Dark Trap
20803,Emotional
1037,techno
2704,Hipstter-Hop
4848,psytrance
8746,Dark Trap
3357,Rhythm & Blues
15564,Drums & Bass
8925,Hipstter-Hop
10193,Emotional
15694,Dark Trap
14748,trap
13270,Hipstter-Hop
7019,Rhythm & Blues
10818,techno
5934,Hiphop
14198,psytrance
18513,hardstyle
11886,Emotional
5000,Dark Trap
9334,trap
18603,Hipstter-Hop
9625,Drums & Bass
8157,Rap
1540,hardstyle
9430,psytrance
2697,Hiphop
2286,Hipstter-Hop
4999,trap
20966,Dark Trap
10257,hardstyle
17500,techno
20782,trap
16622,Dark Trap
19672,trance
8161,trap
13104,Emotional
9790,Industrial Trap
16719,psytrance
18940,Hipstter-Hop
10184,hardstyle
5226,trance
16900,Electro
8508,techno
9511,psytrance
18823,psytrance
1333,Hiphop
6703,Drums & Bass
15252,Drums & Bass
11219,trance
9645,trance
1984,Hipstter-Hop
5927,Dark Trap
2435,hardstyle
10792,Hipstter-Hop
13820,Hipstter-Hop
5846,hardstyle
18955,Dark Trap
16730,Drums & Bass
16228,Rhythm & Blues
13053,Dark Trap
11160,techno
18554,Hipstter-Hop
3920,Emotional
18275,Hipstter-Hop
14583,trap
20984,psytrance
7517,Dark Trap
18187,Hiphop
5352,Dark Trap
2813,techno
19402,Electro
536,Hipstter-Hop
8486,techno
1139,hardstyle
14150,psytrance
4116,Hiphop
8637,trance
8670,Hipstter-Hop
19860,Hipstter-Hop
15238,techno
8657,Electro
14244,trap
617,Hipstter-Hop
6934,psytrance
1310,trance
1012,techno
15241,trap
19390,hardstyle
3251,Electro
3547,techno
16486,Hipstter-Hop
6165,trap
13677,Hipstter-Hop
16846,Hipstter-Hop
8614,Electro
6267,techno
9875,Dark Trap
8928,trap
18962,Electro
2209,Dark Trap
11321,Hipstter-Hop
7888,Hiphop
1121,trap
2656,Hipstter-Hop
3478,psytrance
8144,hardstyle
17130,Hiphop
13953,Dark Trap
15296,psytrance
16305,Drums & Bass
7883,Electro
11893,Hiphop
21139,Drums & Bass
3526,techno
18144,Dark Trap
1835,hardstyle
18697,Hiphop
16180,Drums & Bass
8952,Emotional
1042,techno
13897,Hipstter-Hop
19496,trap
982,Rhythm & Blues
14415,Hipstter-Hop
5528,Industrial Trap
12053,Rap
2596,Electro
21013,Electro
15498,hardstyle
16737,Rhythm & Blues
4488,Electro
5144,psytrance
20263,hardstyle
377,Dark Trap
357,Electro
14145,Hipstter-Hop
10653,Hipstter-Hop
19085,Emotional
17758,Drums & Bass
13815,hardstyle
9818,Emotional
13217,hardstyle
8197,trap
16790,Drums & Bass
19122,trance
2234,hardstyle
12273,Dark Trap
18409,hardstyle
13695,Electro
20212,Hipstter-Hop
6826,psytrance
4352,Emotional
19587,Electro
9685,Hipstter-Hop
20585,psytrance
